<?xml version="1.0" encoding="UTF-8"?>
<depth_maps version="1.5.0">
  <depth_map camera_id="155" level="0" path="0/d155.exr">
    <calibration type="frame">
      <resolution width="1920" height="1080"/>
      <f>1135.8106150878471</f>
      <cx>26.521662263825192</cx>
      <cy>-5.5771078111821453</cy>
    </calibration>
  </depth_map>
  <depth_map camera_id="155" level="1" path="1/d155.exr">
    <calibration type="frame">
      <resolution width="960" height="540"/>
      <f>567.90530754392353</f>
      <cx>13.260831131912596</cx>
      <cy>-2.7885539055910726</cy>
    </calibration>
  </depth_map>
  <depth_map camera_id="155" level="2" path="2/d155.exr">
    <calibration type="frame">
      <resolution width="480" height="270"/>
      <f>283.95265377196176</f>
      <cx>6.630415565956298</cx>
      <cy>-1.3942769527955363</cy>
    </calibration>
  </depth_map>
  <depth_map camera_id="157" level="0" path="0/d157.exr">
    <calibration type="frame">
      <resolution width="1920" height="1080"/>
      <f>1135.8106150878471</f>
      <cx>26.521662263825192</cx>
      <cy>-5.5771078111821453</cy>
    </calibration>
  </depth_map>
  <depth_map camera_id="157" level="1" path="1/d157.exr">
    <calibration type="frame">
      <resolution width="960" height="540"/>
      <f>567.90530754392353</f>
      <cx>13.260831131912596</cx>
      <cy>-2.7885539055910726</cy>
    </calibration>
  </depth_map>
  <depth_map camera_id="157" level="2" path="2/d157.exr">
    <calibration type="frame">
      <resolution width="480" height="270"/>
      <f>283.95265377196176</f>
      <cx>6.630415565956298</cx>
      <cy>-1.3942769527955363</cy>
    </calibration>
  </depth_map>
  <depth_map camera_id="158" level="0" path="0/d158.exr">
    <calibration type="frame">
      <resolution width="1920" height="1080"/>
      <f>1135.8106150878471</f>
      <cx>26.521662263825192</cx>
      <cy>-5.5771078111821453</cy>
    </calibration>
  </depth_map>
  <depth_map camera_id="158" level="1" path="1/d158.exr">
    <calibration type="frame">
      <resolution width="960" height="540"/>
      <f>567.90530754392353</f>
      <cx>13.260831131912596</cx>
      <cy>-2.7885539055910726</cy>
    </calibration>
  </depth_map>
  <depth_map camera_id="158" level="2" path="2/d158.exr">
    <calibration type="frame">
      <resolution width="480" height="270"/>
      <f>283.95265377196176</f>
      <cx>6.630415565956298</cx>
      <cy>-1.3942769527955363</cy>
    </calibration>
  </depth_map>
  <depth_map camera_id="162" level="0" path="0/d162.exr">
    <calibration type="frame">
      <resolution width="1920" height="1080"/>
      <f>1135.8106150878471</f>
      <cx>26.521662263825192</cx>
      <cy>-5.5771078111821453</cy>
    </calibration>
  </depth_map>
  <depth_map camera_id="162" level="1" path="1/d162.exr">
    <calibration type="frame">
      <resolution width="960" height="540"/>
      <f>567.90530754392353</f>
      <cx>13.260831131912596</cx>
      <cy>-2.7885539055910726</cy>
    </calibration>
  </depth_map>
  <depth_map camera_id="162" level="2" path="2/d162.exr">
    <calibration type="frame">
      <resolution width="480" height="270"/>
      <f>283.95265377196176</f>
      <cx>6.630415565956298</cx>
      <cy>-1.3942769527955363</cy>
    </calibration>
  </depth_map>
  <depth_map camera_id="163" level="0" path="0/d163.exr">
    <calibration type="frame">
      <resolution width="1920" height="1080"/>
      <f>1135.8106150878471</f>
      <cx>26.521662263825192</cx>
      <cy>-5.5771078111821453</cy>
    </calibration>
  </depth_map>
  <depth_map camera_id="163" level="1" path="1/d163.exr">
    <calibration type="frame">
      <resolution width="960" height="540"/>
      <f>567.90530754392353</f>
      <cx>13.260831131912596</cx>
      <cy>-2.7885539055910726</cy>
    </calibration>
  </depth_map>
  <depth_map camera_id="163" level="2" path="2/d163.exr">
    <calibration type="frame">
      <resolution width="480" height="270"/>
      <f>283.95265377196176</f>
      <cx>6.630415565956298</cx>
      <cy>-1.3942769527955363</cy>
    </calibration>
  </depth_map>
  <depth_map camera_id="164" level="0" path="0/d164.exr">
    <calibration type="frame">
      <resolution width="1920" height="1080"/>
      <f>1135.8106150878471</f>
      <cx>26.521662263825192</cx>
      <cy>-5.5771078111821453</cy>
    </calibration>
  </depth_map>
  <depth_map camera_id="164" level="1" path="1/d164.exr">
    <calibration type="frame">
      <resolution width="960" height="540"/>
      <f>567.90530754392353</f>
      <cx>13.260831131912596</cx>
      <cy>-2.7885539055910726</cy>
    </calibration>
  </depth_map>
  <depth_map camera_id="164" level="2" path="2/d164.exr">
    <calibration type="frame">
      <resolution width="480" height="270"/>
      <f>283.95265377196176</f>
      <cx>6.630415565956298</cx>
      <cy>-1.3942769527955363</cy>
    </calibration>
  </depth_map>
  <depth_map camera_id="165" level="0" path="0/d165.exr">
    <calibration type="frame">
      <resolution width="1920" height="1080"/>
      <f>1135.8106150878471</f>
      <cx>26.521662263825192</cx>
      <cy>-5.5771078111821453</cy>
    </calibration>
  </depth_map>
  <depth_map camera_id="165" level="1" path="1/d165.exr">
    <calibration type="frame">
      <resolution width="960" height="540"/>
      <f>567.90530754392353</f>
      <cx>13.260831131912596</cx>
      <cy>-2.7885539055910726</cy>
    </calibration>
  </depth_map>
  <depth_map camera_id="165" level="2" path="2/d165.exr">
    <calibration type="frame">
      <resolution width="480" height="270"/>
      <f>283.95265377196176</f>
      <cx>6.630415565956298</cx>
      <cy>-1.3942769527955363</cy>
    </calibration>
  </depth_map>
  <depth_map camera_id="166" level="0" path="0/d166.exr">
    <calibration type="frame">
      <resolution width="1920" height="1080"/>
      <f>1135.8106150878471</f>
      <cx>26.521662263825192</cx>
      <cy>-5.5771078111821453</cy>
    </calibration>
  </depth_map>
  <depth_map camera_id="166" level="1" path="1/d166.exr">
    <calibration type="frame">
      <resolution width="960" height="540"/>
      <f>567.90530754392353</f>
      <cx>13.260831131912596</cx>
      <cy>-2.7885539055910726</cy>
    </calibration>
  </depth_map>
  <depth_map camera_id="166" level="2" path="2/d166.exr">
    <calibration type="frame">
      <resolution width="480" height="270"/>
      <f>283.95265377196176</f>
      <cx>6.630415565956298</cx>
      <cy>-1.3942769527955363</cy>
    </calibration>
  </depth_map>
  <depth_map camera_id="171" level="0" path="0/d171.exr">
    <calibration type="frame">
      <resolution width="1920" height="1080"/>
      <f>1135.8106150878471</f>
      <cx>26.521662263825192</cx>
      <cy>-5.5771078111821453</cy>
    </calibration>
  </depth_map>
  <depth_map camera_id="171" level="1" path="1/d171.exr">
    <calibration type="frame">
      <resolution width="960" height="540"/>
      <f>567.90530754392353</f>
      <cx>13.260831131912596</cx>
      <cy>-2.7885539055910726</cy>
    </calibration>
  </depth_map>
  <depth_map camera_id="171" level="2" path="2/d171.exr">
    <calibration type="frame">
      <resolution width="480" height="270"/>
      <f>283.95265377196176</f>
      <cx>6.630415565956298</cx>
      <cy>-1.3942769527955363</cy>
    </calibration>
  </depth_map>
  <depth_map camera_id="172" level="0" path="0/d172.exr">
    <calibration type="frame">
      <resolution width="1920" height="1080"/>
      <f>1135.8106150878471</f>
      <cx>26.521662263825192</cx>
      <cy>-5.5771078111821453</cy>
    </calibration>
  </depth_map>
  <depth_map camera_id="172" level="1" path="1/d172.exr">
    <calibration type="frame">
      <resolution width="960" height="540"/>
      <f>567.90530754392353</f>
      <cx>13.260831131912596</cx>
      <cy>-2.7885539055910726</cy>
    </calibration>
  </depth_map>
  <depth_map camera_id="172" level="2" path="2/d172.exr">
    <calibration type="frame">
      <resolution width="480" height="270"/>
      <f>283.95265377196176</f>
      <cx>6.630415565956298</cx>
      <cy>-1.3942769527955363</cy>
    </calibration>
  </depth_map>
  <depth_map camera_id="173" level="0" path="0/d173.exr">
    <calibration type="frame">
      <resolution width="1920" height="1080"/>
      <f>1135.8106150878471</f>
      <cx>26.521662263825192</cx>
      <cy>-5.5771078111821453</cy>
    </calibration>
  </depth_map>
  <depth_map camera_id="173" level="1" path="1/d173.exr">
    <calibration type="frame">
      <resolution width="960" height="540"/>
      <f>567.90530754392353</f>
      <cx>13.260831131912596</cx>
      <cy>-2.7885539055910726</cy>
    </calibration>
  </depth_map>
  <depth_map camera_id="173" level="2" path="2/d173.exr">
    <calibration type="frame">
      <resolution width="480" height="270"/>
      <f>283.95265377196176</f>
      <cx>6.630415565956298</cx>
      <cy>-1.3942769527955363</cy>
    </calibration>
  </depth_map>
  <depth_map camera_id="180" level="0" path="0/d180.exr">
    <calibration type="frame">
      <resolution width="1920" height="1080"/>
      <f>1135.8106150878471</f>
      <cx>26.521662263825192</cx>
      <cy>-5.5771078111821453</cy>
    </calibration>
  </depth_map>
  <depth_map camera_id="180" level="1" path="1/d180.exr">
    <calibration type="frame">
      <resolution width="960" height="540"/>
      <f>567.90530754392353</f>
      <cx>13.260831131912596</cx>
      <cy>-2.7885539055910726</cy>
    </calibration>
  </depth_map>
  <depth_map camera_id="180" level="2" path="2/d180.exr">
    <calibration type="frame">
      <resolution width="480" height="270"/>
      <f>283.95265377196176</f>
      <cx>6.630415565956298</cx>
      <cy>-1.3942769527955363</cy>
    </calibration>
  </depth_map>
  <depth_map camera_id="181" level="0" path="0/d181.exr">
    <calibration type="frame">
      <resolution width="1920" height="1080"/>
      <f>1135.8106150878471</f>
      <cx>26.521662263825192</cx>
      <cy>-5.5771078111821453</cy>
    </calibration>
  </depth_map>
  <depth_map camera_id="181" level="1" path="1/d181.exr">
    <calibration type="frame">
      <resolution width="960" height="540"/>
      <f>567.90530754392353</f>
      <cx>13.260831131912596</cx>
      <cy>-2.7885539055910726</cy>
    </calibration>
  </depth_map>
  <depth_map camera_id="181" level="2" path="2/d181.exr">
    <calibration type="frame">
      <resolution width="480" height="270"/>
      <f>283.95265377196176</f>
      <cx>6.630415565956298</cx>
      <cy>-1.3942769527955363</cy>
    </calibration>
  </depth_map>
  <depth_map camera_id="182" level="0" path="0/d182.exr">
    <calibration type="frame">
      <resolution width="1920" height="1080"/>
      <f>1135.8106150878471</f>
      <cx>26.521662263825192</cx>
      <cy>-5.5771078111821453</cy>
    </calibration>
  </depth_map>
  <depth_map camera_id="182" level="1" path="1/d182.exr">
    <calibration type="frame">
      <resolution width="960" height="540"/>
      <f>567.90530754392353</f>
      <cx>13.260831131912596</cx>
      <cy>-2.7885539055910726</cy>
    </calibration>
  </depth_map>
  <depth_map camera_id="182" level="2" path="2/d182.exr">
    <calibration type="frame">
      <resolution width="480" height="270"/>
      <f>283.95265377196176</f>
      <cx>6.630415565956298</cx>
      <cy>-1.3942769527955363</cy>
    </calibration>
  </depth_map>
  <depth_map camera_id="183" level="0" path="0/d183.exr">
    <calibration type="frame">
      <resolution width="1920" height="1080"/>
      <f>1135.8106150878471</f>
      <cx>26.521662263825192</cx>
      <cy>-5.5771078111821453</cy>
    </calibration>
  </depth_map>
  <depth_map camera_id="183" level="1" path="1/d183.exr">
    <calibration type="frame">
      <resolution width="960" height="540"/>
      <f>567.90530754392353</f>
      <cx>13.260831131912596</cx>
      <cy>-2.7885539055910726</cy>
    </calibration>
  </depth_map>
  <depth_map camera_id="183" level="2" path="2/d183.exr">
    <calibration type="frame">
      <resolution width="480" height="270"/>
      <f>283.95265377196176</f>
      <cx>6.630415565956298</cx>
      <cy>-1.3942769527955363</cy>
    </calibration>
  </depth_map>
  <depth_map camera_id="184" level="0" path="0/d184.exr">
    <calibration type="frame">
      <resolution width="1920" height="1080"/>
      <f>1135.8106150878471</f>
      <cx>26.521662263825192</cx>
      <cy>-5.5771078111821453</cy>
    </calibration>
  </depth_map>
  <depth_map camera_id="184" level="1" path="1/d184.exr">
    <calibration type="frame">
      <resolution width="960" height="540"/>
      <f>567.90530754392353</f>
      <cx>13.260831131912596</cx>
      <cy>-2.7885539055910726</cy>
    </calibration>
  </depth_map>
  <depth_map camera_id="184" level="2" path="2/d184.exr">
    <calibration type="frame">
      <resolution width="480" height="270"/>
      <f>283.95265377196176</f>
      <cx>6.630415565956298</cx>
      <cy>-1.3942769527955363</cy>
    </calibration>
  </depth_map>
  <depth_map camera_id="189" level="0" path="0/d189.exr">
    <calibration type="frame">
      <resolution width="1920" height="1080"/>
      <f>1135.8106150878471</f>
      <cx>26.521662263825192</cx>
      <cy>-5.5771078111821453</cy>
    </calibration>
  </depth_map>
  <depth_map camera_id="189" level="1" path="1/d189.exr">
    <calibration type="frame">
      <resolution width="960" height="540"/>
      <f>567.90530754392353</f>
      <cx>13.260831131912596</cx>
      <cy>-2.7885539055910726</cy>
    </calibration>
  </depth_map>
  <depth_map camera_id="189" level="2" path="2/d189.exr">
    <calibration type="frame">
      <resolution width="480" height="270"/>
      <f>283.95265377196176</f>
      <cx>6.630415565956298</cx>
      <cy>-1.3942769527955363</cy>
    </calibration>
  </depth_map>
  <depth_map camera_id="190" level="0" path="0/d190.exr">
    <calibration type="frame">
      <resolution width="1920" height="1080"/>
      <f>1135.8106150878471</f>
      <cx>26.521662263825192</cx>
      <cy>-5.5771078111821453</cy>
    </calibration>
  </depth_map>
  <depth_map camera_id="190" level="1" path="1/d190.exr">
    <calibration type="frame">
      <resolution width="960" height="540"/>
      <f>567.90530754392353</f>
      <cx>13.260831131912596</cx>
      <cy>-2.7885539055910726</cy>
    </calibration>
  </depth_map>
  <depth_map camera_id="190" level="2" path="2/d190.exr">
    <calibration type="frame">
      <resolution width="480" height="270"/>
      <f>283.95265377196176</f>
      <cx>6.630415565956298</cx>
      <cy>-1.3942769527955363</cy>
    </calibration>
  </depth_map>
  <depth_map camera_id="191" level="0" path="0/d191.exr">
    <calibration type="frame">
      <resolution width="1920" height="1080"/>
      <f>1135.8106150878471</f>
      <cx>26.521662263825192</cx>
      <cy>-5.5771078111821453</cy>
    </calibration>
  </depth_map>
  <depth_map camera_id="191" level="1" path="1/d191.exr">
    <calibration type="frame">
      <resolution width="960" height="540"/>
      <f>567.90530754392353</f>
      <cx>13.260831131912596</cx>
      <cy>-2.7885539055910726</cy>
    </calibration>
  </depth_map>
  <depth_map camera_id="191" level="2" path="2/d191.exr">
    <calibration type="frame">
      <resolution width="480" height="270"/>
      <f>283.95265377196176</f>
      <cx>6.630415565956298</cx>
      <cy>-1.3942769527955363</cy>
    </calibration>
  </depth_map>
  <depth_map camera_id="193" level="0" path="0/d193.exr">
    <calibration type="frame">
      <resolution width="1920" height="1080"/>
      <f>1135.8106150878471</f>
      <cx>26.521662263825192</cx>
      <cy>-5.5771078111821453</cy>
    </calibration>
  </depth_map>
  <depth_map camera_id="193" level="1" path="1/d193.exr">
    <calibration type="frame">
      <resolution width="960" height="540"/>
      <f>567.90530754392353</f>
      <cx>13.260831131912596</cx>
      <cy>-2.7885539055910726</cy>
    </calibration>
  </depth_map>
  <depth_map camera_id="193" level="2" path="2/d193.exr">
    <calibration type="frame">
      <resolution width="480" height="270"/>
      <f>283.95265377196176</f>
      <cx>6.630415565956298</cx>
      <cy>-1.3942769527955363</cy>
    </calibration>
  </depth_map>
  <depth_map camera_id="198" level="0" path="0/d198.exr">
    <calibration type="frame">
      <resolution width="1920" height="1080"/>
      <f>1135.8106150878471</f>
      <cx>26.521662263825192</cx>
      <cy>-5.5771078111821453</cy>
    </calibration>
  </depth_map>
  <depth_map camera_id="198" level="1" path="1/d198.exr">
    <calibration type="frame">
      <resolution width="960" height="540"/>
      <f>567.90530754392353</f>
      <cx>13.260831131912596</cx>
      <cy>-2.7885539055910726</cy>
    </calibration>
  </depth_map>
  <depth_map camera_id="198" level="2" path="2/d198.exr">
    <calibration type="frame">
      <resolution width="480" height="270"/>
      <f>283.95265377196176</f>
      <cx>6.630415565956298</cx>
      <cy>-1.3942769527955363</cy>
    </calibration>
  </depth_map>
  <depth_map camera_id="199" level="0" path="0/d199.exr">
    <calibration type="frame">
      <resolution width="1920" height="1080"/>
      <f>1135.8106150878471</f>
      <cx>26.521662263825192</cx>
      <cy>-5.5771078111821453</cy>
    </calibration>
  </depth_map>
  <depth_map camera_id="199" level="1" path="1/d199.exr">
    <calibration type="frame">
      <resolution width="960" height="540"/>
      <f>567.90530754392353</f>
      <cx>13.260831131912596</cx>
      <cy>-2.7885539055910726</cy>
    </calibration>
  </depth_map>
  <depth_map camera_id="199" level="2" path="2/d199.exr">
    <calibration type="frame">
      <resolution width="480" height="270"/>
      <f>283.95265377196176</f>
      <cx>6.630415565956298</cx>
      <cy>-1.3942769527955363</cy>
    </calibration>
  </depth_map>
  <depth_map camera_id="200" level="0" path="0/d200.exr">
    <calibration type="frame">
      <resolution width="1920" height="1080"/>
      <f>1135.8106150878471</f>
      <cx>26.521662263825192</cx>
      <cy>-5.5771078111821453</cy>
    </calibration>
  </depth_map>
  <depth_map camera_id="200" level="1" path="1/d200.exr">
    <calibration type="frame">
      <resolution width="960" height="540"/>
      <f>567.90530754392353</f>
      <cx>13.260831131912596</cx>
      <cy>-2.7885539055910726</cy>
    </calibration>
  </depth_map>
  <depth_map camera_id="200" level="2" path="2/d200.exr">
    <calibration type="frame">
      <resolution width="480" height="270"/>
      <f>283.95265377196176</f>
      <cx>6.630415565956298</cx>
      <cy>-1.3942769527955363</cy>
    </calibration>
  </depth_map>
  <depth_map camera_id="201" level="0" path="0/d201.exr">
    <calibration type="frame">
      <resolution width="1920" height="1080"/>
      <f>1135.8106150878471</f>
      <cx>26.521662263825192</cx>
      <cy>-5.5771078111821453</cy>
    </calibration>
  </depth_map>
  <depth_map camera_id="201" level="1" path="1/d201.exr">
    <calibration type="frame">
      <resolution width="960" height="540"/>
      <f>567.90530754392353</f>
      <cx>13.260831131912596</cx>
      <cy>-2.7885539055910726</cy>
    </calibration>
  </depth_map>
  <depth_map camera_id="201" level="2" path="2/d201.exr">
    <calibration type="frame">
      <resolution width="480" height="270"/>
      <f>283.95265377196176</f>
      <cx>6.630415565956298</cx>
      <cy>-1.3942769527955363</cy>
    </calibration>
  </depth_map>
  <depth_map camera_id="202" level="0" path="0/d202.exr">
    <calibration type="frame">
      <resolution width="1920" height="1080"/>
      <f>1135.8106150878471</f>
      <cx>26.521662263825192</cx>
      <cy>-5.5771078111821453</cy>
    </calibration>
  </depth_map>
  <depth_map camera_id="202" level="1" path="1/d202.exr">
    <calibration type="frame">
      <resolution width="960" height="540"/>
      <f>567.90530754392353</f>
      <cx>13.260831131912596</cx>
      <cy>-2.7885539055910726</cy>
    </calibration>
  </depth_map>
  <depth_map camera_id="202" level="2" path="2/d202.exr">
    <calibration type="frame">
      <resolution width="480" height="270"/>
      <f>283.95265377196176</f>
      <cx>6.630415565956298</cx>
      <cy>-1.3942769527955363</cy>
    </calibration>
  </depth_map>
  <depth_map camera_id="207" level="0" path="0/d207.exr">
    <calibration type="frame">
      <resolution width="1920" height="1080"/>
      <f>1135.8106150878471</f>
      <cx>26.521662263825192</cx>
      <cy>-5.5771078111821453</cy>
    </calibration>
  </depth_map>
  <depth_map camera_id="207" level="1" path="1/d207.exr">
    <calibration type="frame">
      <resolution width="960" height="540"/>
      <f>567.90530754392353</f>
      <cx>13.260831131912596</cx>
      <cy>-2.7885539055910726</cy>
    </calibration>
  </depth_map>
  <depth_map camera_id="207" level="2" path="2/d207.exr">
    <calibration type="frame">
      <resolution width="480" height="270"/>
      <f>283.95265377196176</f>
      <cx>6.630415565956298</cx>
      <cy>-1.3942769527955363</cy>
    </calibration>
  </depth_map>
  <depth_map camera_id="208" level="0" path="0/d208.exr">
    <calibration type="frame">
      <resolution width="1920" height="1080"/>
      <f>1135.8106150878471</f>
      <cx>26.521662263825192</cx>
      <cy>-5.5771078111821453</cy>
    </calibration>
  </depth_map>
  <depth_map camera_id="208" level="1" path="1/d208.exr">
    <calibration type="frame">
      <resolution width="960" height="540"/>
      <f>567.90530754392353</f>
      <cx>13.260831131912596</cx>
      <cy>-2.7885539055910726</cy>
    </calibration>
  </depth_map>
  <depth_map camera_id="208" level="2" path="2/d208.exr">
    <calibration type="frame">
      <resolution width="480" height="270"/>
      <f>283.95265377196176</f>
      <cx>6.630415565956298</cx>
      <cy>-1.3942769527955363</cy>
    </calibration>
  </depth_map>
  <depth_map camera_id="209" level="0" path="0/d209.exr">
    <calibration type="frame">
      <resolution width="1920" height="1080"/>
      <f>1135.8106150878471</f>
      <cx>26.521662263825192</cx>
      <cy>-5.5771078111821453</cy>
    </calibration>
  </depth_map>
  <depth_map camera_id="209" level="1" path="1/d209.exr">
    <calibration type="frame">
      <resolution width="960" height="540"/>
      <f>567.90530754392353</f>
      <cx>13.260831131912596</cx>
      <cy>-2.7885539055910726</cy>
    </calibration>
  </depth_map>
  <depth_map camera_id="209" level="2" path="2/d209.exr">
    <calibration type="frame">
      <resolution width="480" height="270"/>
      <f>283.95265377196176</f>
      <cx>6.630415565956298</cx>
      <cy>-1.3942769527955363</cy>
    </calibration>
  </depth_map>
  <depth_map camera_id="211" level="0" path="0/d211.exr">
    <calibration type="frame">
      <resolution width="1920" height="1080"/>
      <f>1135.8106150878471</f>
      <cx>26.521662263825192</cx>
      <cy>-5.5771078111821453</cy>
    </calibration>
  </depth_map>
  <depth_map camera_id="211" level="1" path="1/d211.exr">
    <calibration type="frame">
      <resolution width="960" height="540"/>
      <f>567.90530754392353</f>
      <cx>13.260831131912596</cx>
      <cy>-2.7885539055910726</cy>
    </calibration>
  </depth_map>
  <depth_map camera_id="211" level="2" path="2/d211.exr">
    <calibration type="frame">
      <resolution width="480" height="270"/>
      <f>283.95265377196176</f>
      <cx>6.630415565956298</cx>
      <cy>-1.3942769527955363</cy>
    </calibration>
  </depth_map>
  <depth_map camera_id="216" level="0" path="0/d216.exr">
    <calibration type="frame">
      <resolution width="1920" height="1080"/>
      <f>1135.8106150878471</f>
      <cx>26.521662263825192</cx>
      <cy>-5.5771078111821453</cy>
    </calibration>
  </depth_map>
  <depth_map camera_id="216" level="1" path="1/d216.exr">
    <calibration type="frame">
      <resolution width="960" height="540"/>
      <f>567.90530754392353</f>
      <cx>13.260831131912596</cx>
      <cy>-2.7885539055910726</cy>
    </calibration>
  </depth_map>
  <depth_map camera_id="216" level="2" path="2/d216.exr">
    <calibration type="frame">
      <resolution width="480" height="270"/>
      <f>283.95265377196176</f>
      <cx>6.630415565956298</cx>
      <cy>-1.3942769527955363</cy>
    </calibration>
  </depth_map>
  <depth_map camera_id="217" level="0" path="0/d217.exr">
    <calibration type="frame">
      <resolution width="1920" height="1080"/>
      <f>1135.8106150878471</f>
      <cx>26.521662263825192</cx>
      <cy>-5.5771078111821453</cy>
    </calibration>
  </depth_map>
  <depth_map camera_id="217" level="1" path="1/d217.exr">
    <calibration type="frame">
      <resolution width="960" height="540"/>
      <f>567.90530754392353</f>
      <cx>13.260831131912596</cx>
      <cy>-2.7885539055910726</cy>
    </calibration>
  </depth_map>
  <depth_map camera_id="217" level="2" path="2/d217.exr">
    <calibration type="frame">
      <resolution width="480" height="270"/>
      <f>283.95265377196176</f>
      <cx>6.630415565956298</cx>
      <cy>-1.3942769527955363</cy>
    </calibration>
  </depth_map>
  <depth_map camera_id="218" level="0" path="0/d218.exr">
    <calibration type="frame">
      <resolution width="1920" height="1080"/>
      <f>1135.8106150878471</f>
      <cx>26.521662263825192</cx>
      <cy>-5.5771078111821453</cy>
    </calibration>
  </depth_map>
  <depth_map camera_id="218" level="1" path="1/d218.exr">
    <calibration type="frame">
      <resolution width="960" height="540"/>
      <f>567.90530754392353</f>
      <cx>13.260831131912596</cx>
      <cy>-2.7885539055910726</cy>
    </calibration>
  </depth_map>
  <depth_map camera_id="218" level="2" path="2/d218.exr">
    <calibration type="frame">
      <resolution width="480" height="270"/>
      <f>283.95265377196176</f>
      <cx>6.630415565956298</cx>
      <cy>-1.3942769527955363</cy>
    </calibration>
  </depth_map>
  <depth_map camera_id="219" level="0" path="0/d219.exr">
    <calibration type="frame">
      <resolution width="1920" height="1080"/>
      <f>1135.8106150878471</f>
      <cx>26.521662263825192</cx>
      <cy>-5.5771078111821453</cy>
    </calibration>
  </depth_map>
  <depth_map camera_id="219" level="1" path="1/d219.exr">
    <calibration type="frame">
      <resolution width="960" height="540"/>
      <f>567.90530754392353</f>
      <cx>13.260831131912596</cx>
      <cy>-2.7885539055910726</cy>
    </calibration>
  </depth_map>
  <depth_map camera_id="219" level="2" path="2/d219.exr">
    <calibration type="frame">
      <resolution width="480" height="270"/>
      <f>283.95265377196176</f>
      <cx>6.630415565956298</cx>
      <cy>-1.3942769527955363</cy>
    </calibration>
  </depth_map>
  <depth_map camera_id="220" level="0" path="0/d220.exr">
    <calibration type="frame">
      <resolution width="1920" height="1080"/>
      <f>1135.8106150878471</f>
      <cx>26.521662263825192</cx>
      <cy>-5.5771078111821453</cy>
    </calibration>
  </depth_map>
  <depth_map camera_id="220" level="1" path="1/d220.exr">
    <calibration type="frame">
      <resolution width="960" height="540"/>
      <f>567.90530754392353</f>
      <cx>13.260831131912596</cx>
      <cy>-2.7885539055910726</cy>
    </calibration>
  </depth_map>
  <depth_map camera_id="220" level="2" path="2/d220.exr">
    <calibration type="frame">
      <resolution width="480" height="270"/>
      <f>283.95265377196176</f>
      <cx>6.630415565956298</cx>
      <cy>-1.3942769527955363</cy>
    </calibration>
  </depth_map>
  <depth_map camera_id="225" level="0" path="0/d225.exr">
    <calibration type="frame">
      <resolution width="1920" height="1080"/>
      <f>1135.8106150878471</f>
      <cx>26.521662263825192</cx>
      <cy>-5.5771078111821453</cy>
    </calibration>
  </depth_map>
  <depth_map camera_id="225" level="1" path="1/d225.exr">
    <calibration type="frame">
      <resolution width="960" height="540"/>
      <f>567.90530754392353</f>
      <cx>13.260831131912596</cx>
      <cy>-2.7885539055910726</cy>
    </calibration>
  </depth_map>
  <depth_map camera_id="225" level="2" path="2/d225.exr">
    <calibration type="frame">
      <resolution width="480" height="270"/>
      <f>283.95265377196176</f>
      <cx>6.630415565956298</cx>
      <cy>-1.3942769527955363</cy>
    </calibration>
  </depth_map>
  <depth_map camera_id="226" level="0" path="0/d226.exr">
    <calibration type="frame">
      <resolution width="1920" height="1080"/>
      <f>1135.8106150878471</f>
      <cx>26.521662263825192</cx>
      <cy>-5.5771078111821453</cy>
    </calibration>
  </depth_map>
  <depth_map camera_id="226" level="1" path="1/d226.exr">
    <calibration type="frame">
      <resolution width="960" height="540"/>
      <f>567.90530754392353</f>
      <cx>13.260831131912596</cx>
      <cy>-2.7885539055910726</cy>
    </calibration>
  </depth_map>
  <depth_map camera_id="226" level="2" path="2/d226.exr">
    <calibration type="frame">
      <resolution width="480" height="270"/>
      <f>283.95265377196176</f>
      <cx>6.630415565956298</cx>
      <cy>-1.3942769527955363</cy>
    </calibration>
  </depth_map>
  <depth_map camera_id="227" level="0" path="0/d227.exr">
    <calibration type="frame">
      <resolution width="1920" height="1080"/>
      <f>1135.8106150878471</f>
      <cx>26.521662263825192</cx>
      <cy>-5.5771078111821453</cy>
    </calibration>
  </depth_map>
  <depth_map camera_id="227" level="1" path="1/d227.exr">
    <calibration type="frame">
      <resolution width="960" height="540"/>
      <f>567.90530754392353</f>
      <cx>13.260831131912596</cx>
      <cy>-2.7885539055910726</cy>
    </calibration>
  </depth_map>
  <depth_map camera_id="227" level="2" path="2/d227.exr">
    <calibration type="frame">
      <resolution width="480" height="270"/>
      <f>283.95265377196176</f>
      <cx>6.630415565956298</cx>
      <cy>-1.3942769527955363</cy>
    </calibration>
  </depth_map>
  <depth_map camera_id="234" level="0" path="0/d234.exr">
    <calibration type="frame">
      <resolution width="1920" height="1080"/>
      <f>1135.8106150878471</f>
      <cx>26.521662263825192</cx>
      <cy>-5.5771078111821453</cy>
    </calibration>
  </depth_map>
  <depth_map camera_id="234" level="1" path="1/d234.exr">
    <calibration type="frame">
      <resolution width="960" height="540"/>
      <f>567.90530754392353</f>
      <cx>13.260831131912596</cx>
      <cy>-2.7885539055910726</cy>
    </calibration>
  </depth_map>
  <depth_map camera_id="234" level="2" path="2/d234.exr">
    <calibration type="frame">
      <resolution width="480" height="270"/>
      <f>283.95265377196176</f>
      <cx>6.630415565956298</cx>
      <cy>-1.3942769527955363</cy>
    </calibration>
  </depth_map>
  <depth_map camera_id="235" level="0" path="0/d235.exr">
    <calibration type="frame">
      <resolution width="1920" height="1080"/>
      <f>1135.8106150878471</f>
      <cx>26.521662263825192</cx>
      <cy>-5.5771078111821453</cy>
    </calibration>
  </depth_map>
  <depth_map camera_id="235" level="1" path="1/d235.exr">
    <calibration type="frame">
      <resolution width="960" height="540"/>
      <f>567.90530754392353</f>
      <cx>13.260831131912596</cx>
      <cy>-2.7885539055910726</cy>
    </calibration>
  </depth_map>
  <depth_map camera_id="235" level="2" path="2/d235.exr">
    <calibration type="frame">
      <resolution width="480" height="270"/>
      <f>283.95265377196176</f>
      <cx>6.630415565956298</cx>
      <cy>-1.3942769527955363</cy>
    </calibration>
  </depth_map>
  <depth_map camera_id="236" level="0" path="0/d236.exr">
    <calibration type="frame">
      <resolution width="1920" height="1080"/>
      <f>1135.8106150878471</f>
      <cx>26.521662263825192</cx>
      <cy>-5.5771078111821453</cy>
    </calibration>
  </depth_map>
  <depth_map camera_id="236" level="1" path="1/d236.exr">
    <calibration type="frame">
      <resolution width="960" height="540"/>
      <f>567.90530754392353</f>
      <cx>13.260831131912596</cx>
      <cy>-2.7885539055910726</cy>
    </calibration>
  </depth_map>
  <depth_map camera_id="236" level="2" path="2/d236.exr">
    <calibration type="frame">
      <resolution width="480" height="270"/>
      <f>283.95265377196176</f>
      <cx>6.630415565956298</cx>
      <cy>-1.3942769527955363</cy>
    </calibration>
  </depth_map>
  <depth_map camera_id="237" level="0" path="0/d237.exr">
    <calibration type="frame">
      <resolution width="1920" height="1080"/>
      <f>1135.8106150878471</f>
      <cx>26.521662263825192</cx>
      <cy>-5.5771078111821453</cy>
    </calibration>
  </depth_map>
  <depth_map camera_id="237" level="1" path="1/d237.exr">
    <calibration type="frame">
      <resolution width="960" height="540"/>
      <f>567.90530754392353</f>
      <cx>13.260831131912596</cx>
      <cy>-2.7885539055910726</cy>
    </calibration>
  </depth_map>
  <depth_map camera_id="237" level="2" path="2/d237.exr">
    <calibration type="frame">
      <resolution width="480" height="270"/>
      <f>283.95265377196176</f>
      <cx>6.630415565956298</cx>
      <cy>-1.3942769527955363</cy>
    </calibration>
  </depth_map>
  <depth_map camera_id="238" level="0" path="0/d238.exr">
    <calibration type="frame">
      <resolution width="1920" height="1080"/>
      <f>1135.8106150878471</f>
      <cx>26.521662263825192</cx>
      <cy>-5.5771078111821453</cy>
    </calibration>
  </depth_map>
  <depth_map camera_id="238" level="1" path="1/d238.exr">
    <calibration type="frame">
      <resolution width="960" height="540"/>
      <f>567.90530754392353</f>
      <cx>13.260831131912596</cx>
      <cy>-2.7885539055910726</cy>
    </calibration>
  </depth_map>
  <depth_map camera_id="238" level="2" path="2/d238.exr">
    <calibration type="frame">
      <resolution width="480" height="270"/>
      <f>283.95265377196176</f>
      <cx>6.630415565956298</cx>
      <cy>-1.3942769527955363</cy>
    </calibration>
  </depth_map>
  <depth_map camera_id="243" level="0" path="0/d243.exr">
    <calibration type="frame">
      <resolution width="1920" height="1080"/>
      <f>1135.8106150878471</f>
      <cx>26.521662263825192</cx>
      <cy>-5.5771078111821453</cy>
    </calibration>
  </depth_map>
  <depth_map camera_id="243" level="1" path="1/d243.exr">
    <calibration type="frame">
      <resolution width="960" height="540"/>
      <f>567.90530754392353</f>
      <cx>13.260831131912596</cx>
      <cy>-2.7885539055910726</cy>
    </calibration>
  </depth_map>
  <depth_map camera_id="243" level="2" path="2/d243.exr">
    <calibration type="frame">
      <resolution width="480" height="270"/>
      <f>283.95265377196176</f>
      <cx>6.630415565956298</cx>
      <cy>-1.3942769527955363</cy>
    </calibration>
  </depth_map>
</depth_maps>
