<?xml version="1.0" encoding="UTF-8"?>
<depth_maps version="1.5.0">
  <depth_map camera_id="9" level="0" path="0/d9.exr">
    <calibration type="frame">
      <resolution width="1920" height="1080"/>
      <f>1135.8106150878471</f>
      <cx>26.521662263825192</cx>
      <cy>-5.5771078111821453</cy>
    </calibration>
  </depth_map>
  <depth_map camera_id="9" level="1" path="1/d9.exr">
    <calibration type="frame">
      <resolution width="960" height="540"/>
      <f>567.90530754392353</f>
      <cx>13.260831131912596</cx>
      <cy>-2.7885539055910726</cy>
    </calibration>
  </depth_map>
  <depth_map camera_id="9" level="2" path="2/d9.exr">
    <calibration type="frame">
      <resolution width="480" height="270"/>
      <f>283.95265377196176</f>
      <cx>6.630415565956298</cx>
      <cy>-1.3942769527955363</cy>
    </calibration>
  </depth_map>
  <depth_map camera_id="10" level="0" path="0/d10.exr">
    <calibration type="frame">
      <resolution width="1920" height="1080"/>
      <f>1135.8106150878471</f>
      <cx>26.521662263825192</cx>
      <cy>-5.5771078111821453</cy>
    </calibration>
  </depth_map>
  <depth_map camera_id="10" level="1" path="1/d10.exr">
    <calibration type="frame">
      <resolution width="960" height="540"/>
      <f>567.90530754392353</f>
      <cx>13.260831131912596</cx>
      <cy>-2.7885539055910726</cy>
    </calibration>
  </depth_map>
  <depth_map camera_id="10" level="2" path="2/d10.exr">
    <calibration type="frame">
      <resolution width="480" height="270"/>
      <f>283.95265377196176</f>
      <cx>6.630415565956298</cx>
      <cy>-1.3942769527955363</cy>
    </calibration>
  </depth_map>
  <depth_map camera_id="11" level="0" path="0/d11.exr">
    <calibration type="frame">
      <resolution width="1920" height="1080"/>
      <f>1135.8106150878471</f>
      <cx>26.521662263825192</cx>
      <cy>-5.5771078111821453</cy>
    </calibration>
  </depth_map>
  <depth_map camera_id="11" level="1" path="1/d11.exr">
    <calibration type="frame">
      <resolution width="960" height="540"/>
      <f>567.90530754392353</f>
      <cx>13.260831131912596</cx>
      <cy>-2.7885539055910726</cy>
    </calibration>
  </depth_map>
  <depth_map camera_id="11" level="2" path="2/d11.exr">
    <calibration type="frame">
      <resolution width="480" height="270"/>
      <f>283.95265377196176</f>
      <cx>6.630415565956298</cx>
      <cy>-1.3942769527955363</cy>
    </calibration>
  </depth_map>
  <depth_map camera_id="12" level="0" path="0/d12.exr">
    <calibration type="frame">
      <resolution width="1920" height="1080"/>
      <f>1135.8106150878471</f>
      <cx>26.521662263825192</cx>
      <cy>-5.5771078111821453</cy>
    </calibration>
  </depth_map>
  <depth_map camera_id="12" level="1" path="1/d12.exr">
    <calibration type="frame">
      <resolution width="960" height="540"/>
      <f>567.90530754392353</f>
      <cx>13.260831131912596</cx>
      <cy>-2.7885539055910726</cy>
    </calibration>
  </depth_map>
  <depth_map camera_id="12" level="2" path="2/d12.exr">
    <calibration type="frame">
      <resolution width="480" height="270"/>
      <f>283.95265377196176</f>
      <cx>6.630415565956298</cx>
      <cy>-1.3942769527955363</cy>
    </calibration>
  </depth_map>
  <depth_map camera_id="13" level="0" path="0/d13.exr">
    <calibration type="frame">
      <resolution width="1920" height="1080"/>
      <f>1135.8106150878471</f>
      <cx>26.521662263825192</cx>
      <cy>-5.5771078111821453</cy>
    </calibration>
  </depth_map>
  <depth_map camera_id="13" level="1" path="1/d13.exr">
    <calibration type="frame">
      <resolution width="960" height="540"/>
      <f>567.90530754392353</f>
      <cx>13.260831131912596</cx>
      <cy>-2.7885539055910726</cy>
    </calibration>
  </depth_map>
  <depth_map camera_id="13" level="2" path="2/d13.exr">
    <calibration type="frame">
      <resolution width="480" height="270"/>
      <f>283.95265377196176</f>
      <cx>6.630415565956298</cx>
      <cy>-1.3942769527955363</cy>
    </calibration>
  </depth_map>
  <depth_map camera_id="14" level="0" path="0/d14.exr">
    <calibration type="frame">
      <resolution width="1920" height="1080"/>
      <f>1135.8106150878471</f>
      <cx>26.521662263825192</cx>
      <cy>-5.5771078111821453</cy>
    </calibration>
  </depth_map>
  <depth_map camera_id="14" level="1" path="1/d14.exr">
    <calibration type="frame">
      <resolution width="960" height="540"/>
      <f>567.90530754392353</f>
      <cx>13.260831131912596</cx>
      <cy>-2.7885539055910726</cy>
    </calibration>
  </depth_map>
  <depth_map camera_id="14" level="2" path="2/d14.exr">
    <calibration type="frame">
      <resolution width="480" height="270"/>
      <f>283.95265377196176</f>
      <cx>6.630415565956298</cx>
      <cy>-1.3942769527955363</cy>
    </calibration>
  </depth_map>
  <depth_map camera_id="15" level="0" path="0/d15.exr">
    <calibration type="frame">
      <resolution width="1920" height="1080"/>
      <f>1135.8106150878471</f>
      <cx>26.521662263825192</cx>
      <cy>-5.5771078111821453</cy>
    </calibration>
  </depth_map>
  <depth_map camera_id="15" level="1" path="1/d15.exr">
    <calibration type="frame">
      <resolution width="960" height="540"/>
      <f>567.90530754392353</f>
      <cx>13.260831131912596</cx>
      <cy>-2.7885539055910726</cy>
    </calibration>
  </depth_map>
  <depth_map camera_id="15" level="2" path="2/d15.exr">
    <calibration type="frame">
      <resolution width="480" height="270"/>
      <f>283.95265377196176</f>
      <cx>6.630415565956298</cx>
      <cy>-1.3942769527955363</cy>
    </calibration>
  </depth_map>
  <depth_map camera_id="16" level="0" path="0/d16.exr">
    <calibration type="frame">
      <resolution width="1920" height="1080"/>
      <f>1135.8106150878471</f>
      <cx>26.521662263825192</cx>
      <cy>-5.5771078111821453</cy>
    </calibration>
  </depth_map>
  <depth_map camera_id="16" level="1" path="1/d16.exr">
    <calibration type="frame">
      <resolution width="960" height="540"/>
      <f>567.90530754392353</f>
      <cx>13.260831131912596</cx>
      <cy>-2.7885539055910726</cy>
    </calibration>
  </depth_map>
  <depth_map camera_id="16" level="2" path="2/d16.exr">
    <calibration type="frame">
      <resolution width="480" height="270"/>
      <f>283.95265377196176</f>
      <cx>6.630415565956298</cx>
      <cy>-1.3942769527955363</cy>
    </calibration>
  </depth_map>
  <depth_map camera_id="17" level="0" path="0/d17.exr">
    <calibration type="frame">
      <resolution width="1920" height="1080"/>
      <f>1135.8106150878471</f>
      <cx>26.521662263825192</cx>
      <cy>-5.5771078111821453</cy>
    </calibration>
  </depth_map>
  <depth_map camera_id="17" level="1" path="1/d17.exr">
    <calibration type="frame">
      <resolution width="960" height="540"/>
      <f>567.90530754392353</f>
      <cx>13.260831131912596</cx>
      <cy>-2.7885539055910726</cy>
    </calibration>
  </depth_map>
  <depth_map camera_id="17" level="2" path="2/d17.exr">
    <calibration type="frame">
      <resolution width="480" height="270"/>
      <f>283.95265377196176</f>
      <cx>6.630415565956298</cx>
      <cy>-1.3942769527955363</cy>
    </calibration>
  </depth_map>
  <depth_map camera_id="18" level="0" path="0/d18.exr">
    <calibration type="frame">
      <resolution width="1920" height="1080"/>
      <f>1135.8106150878471</f>
      <cx>26.521662263825192</cx>
      <cy>-5.5771078111821453</cy>
    </calibration>
  </depth_map>
  <depth_map camera_id="18" level="1" path="1/d18.exr">
    <calibration type="frame">
      <resolution width="960" height="540"/>
      <f>567.90530754392353</f>
      <cx>13.260831131912596</cx>
      <cy>-2.7885539055910726</cy>
    </calibration>
  </depth_map>
  <depth_map camera_id="18" level="2" path="2/d18.exr">
    <calibration type="frame">
      <resolution width="480" height="270"/>
      <f>283.95265377196176</f>
      <cx>6.630415565956298</cx>
      <cy>-1.3942769527955363</cy>
    </calibration>
  </depth_map>
  <depth_map camera_id="19" level="0" path="0/d19.exr">
    <calibration type="frame">
      <resolution width="1920" height="1080"/>
      <f>1135.8106150878471</f>
      <cx>26.521662263825192</cx>
      <cy>-5.5771078111821453</cy>
    </calibration>
  </depth_map>
  <depth_map camera_id="19" level="1" path="1/d19.exr">
    <calibration type="frame">
      <resolution width="960" height="540"/>
      <f>567.90530754392353</f>
      <cx>13.260831131912596</cx>
      <cy>-2.7885539055910726</cy>
    </calibration>
  </depth_map>
  <depth_map camera_id="19" level="2" path="2/d19.exr">
    <calibration type="frame">
      <resolution width="480" height="270"/>
      <f>283.95265377196176</f>
      <cx>6.630415565956298</cx>
      <cy>-1.3942769527955363</cy>
    </calibration>
  </depth_map>
  <depth_map camera_id="20" level="0" path="0/d20.exr">
    <calibration type="frame">
      <resolution width="1920" height="1080"/>
      <f>1135.8106150878471</f>
      <cx>26.521662263825192</cx>
      <cy>-5.5771078111821453</cy>
    </calibration>
  </depth_map>
  <depth_map camera_id="20" level="1" path="1/d20.exr">
    <calibration type="frame">
      <resolution width="960" height="540"/>
      <f>567.90530754392353</f>
      <cx>13.260831131912596</cx>
      <cy>-2.7885539055910726</cy>
    </calibration>
  </depth_map>
  <depth_map camera_id="20" level="2" path="2/d20.exr">
    <calibration type="frame">
      <resolution width="480" height="270"/>
      <f>283.95265377196176</f>
      <cx>6.630415565956298</cx>
      <cy>-1.3942769527955363</cy>
    </calibration>
  </depth_map>
  <depth_map camera_id="21" level="0" path="0/d21.exr">
    <calibration type="frame">
      <resolution width="1920" height="1080"/>
      <f>1135.8106150878471</f>
      <cx>26.521662263825192</cx>
      <cy>-5.5771078111821453</cy>
    </calibration>
  </depth_map>
  <depth_map camera_id="21" level="1" path="1/d21.exr">
    <calibration type="frame">
      <resolution width="960" height="540"/>
      <f>567.90530754392353</f>
      <cx>13.260831131912596</cx>
      <cy>-2.7885539055910726</cy>
    </calibration>
  </depth_map>
  <depth_map camera_id="21" level="2" path="2/d21.exr">
    <calibration type="frame">
      <resolution width="480" height="270"/>
      <f>283.95265377196176</f>
      <cx>6.630415565956298</cx>
      <cy>-1.3942769527955363</cy>
    </calibration>
  </depth_map>
  <depth_map camera_id="22" level="0" path="0/d22.exr">
    <calibration type="frame">
      <resolution width="1920" height="1080"/>
      <f>1135.8106150878471</f>
      <cx>26.521662263825192</cx>
      <cy>-5.5771078111821453</cy>
    </calibration>
  </depth_map>
  <depth_map camera_id="22" level="1" path="1/d22.exr">
    <calibration type="frame">
      <resolution width="960" height="540"/>
      <f>567.90530754392353</f>
      <cx>13.260831131912596</cx>
      <cy>-2.7885539055910726</cy>
    </calibration>
  </depth_map>
  <depth_map camera_id="22" level="2" path="2/d22.exr">
    <calibration type="frame">
      <resolution width="480" height="270"/>
      <f>283.95265377196176</f>
      <cx>6.630415565956298</cx>
      <cy>-1.3942769527955363</cy>
    </calibration>
  </depth_map>
  <depth_map camera_id="23" level="0" path="0/d23.exr">
    <calibration type="frame">
      <resolution width="1920" height="1080"/>
      <f>1135.8106150878471</f>
      <cx>26.521662263825192</cx>
      <cy>-5.5771078111821453</cy>
    </calibration>
  </depth_map>
  <depth_map camera_id="23" level="1" path="1/d23.exr">
    <calibration type="frame">
      <resolution width="960" height="540"/>
      <f>567.90530754392353</f>
      <cx>13.260831131912596</cx>
      <cy>-2.7885539055910726</cy>
    </calibration>
  </depth_map>
  <depth_map camera_id="23" level="2" path="2/d23.exr">
    <calibration type="frame">
      <resolution width="480" height="270"/>
      <f>283.95265377196176</f>
      <cx>6.630415565956298</cx>
      <cy>-1.3942769527955363</cy>
    </calibration>
  </depth_map>
  <depth_map camera_id="24" level="0" path="0/d24.exr">
    <calibration type="frame">
      <resolution width="1920" height="1080"/>
      <f>1135.8106150878471</f>
      <cx>26.521662263825192</cx>
      <cy>-5.5771078111821453</cy>
    </calibration>
  </depth_map>
  <depth_map camera_id="24" level="1" path="1/d24.exr">
    <calibration type="frame">
      <resolution width="960" height="540"/>
      <f>567.90530754392353</f>
      <cx>13.260831131912596</cx>
      <cy>-2.7885539055910726</cy>
    </calibration>
  </depth_map>
  <depth_map camera_id="24" level="2" path="2/d24.exr">
    <calibration type="frame">
      <resolution width="480" height="270"/>
      <f>283.95265377196176</f>
      <cx>6.630415565956298</cx>
      <cy>-1.3942769527955363</cy>
    </calibration>
  </depth_map>
  <depth_map camera_id="25" level="0" path="0/d25.exr">
    <calibration type="frame">
      <resolution width="1920" height="1080"/>
      <f>1135.8106150878471</f>
      <cx>26.521662263825192</cx>
      <cy>-5.5771078111821453</cy>
    </calibration>
  </depth_map>
  <depth_map camera_id="25" level="1" path="1/d25.exr">
    <calibration type="frame">
      <resolution width="960" height="540"/>
      <f>567.90530754392353</f>
      <cx>13.260831131912596</cx>
      <cy>-2.7885539055910726</cy>
    </calibration>
  </depth_map>
  <depth_map camera_id="25" level="2" path="2/d25.exr">
    <calibration type="frame">
      <resolution width="480" height="270"/>
      <f>283.95265377196176</f>
      <cx>6.630415565956298</cx>
      <cy>-1.3942769527955363</cy>
    </calibration>
  </depth_map>
  <depth_map camera_id="26" level="0" path="0/d26.exr">
    <calibration type="frame">
      <resolution width="1920" height="1080"/>
      <f>1135.8106150878471</f>
      <cx>26.521662263825192</cx>
      <cy>-5.5771078111821453</cy>
    </calibration>
  </depth_map>
  <depth_map camera_id="26" level="1" path="1/d26.exr">
    <calibration type="frame">
      <resolution width="960" height="540"/>
      <f>567.90530754392353</f>
      <cx>13.260831131912596</cx>
      <cy>-2.7885539055910726</cy>
    </calibration>
  </depth_map>
  <depth_map camera_id="26" level="2" path="2/d26.exr">
    <calibration type="frame">
      <resolution width="480" height="270"/>
      <f>283.95265377196176</f>
      <cx>6.630415565956298</cx>
      <cy>-1.3942769527955363</cy>
    </calibration>
  </depth_map>
  <depth_map camera_id="32" level="0" path="0/d32.exr">
    <calibration type="frame">
      <resolution width="1920" height="1080"/>
      <f>1135.8106150878471</f>
      <cx>26.521662263825192</cx>
      <cy>-5.5771078111821453</cy>
    </calibration>
  </depth_map>
  <depth_map camera_id="32" level="1" path="1/d32.exr">
    <calibration type="frame">
      <resolution width="960" height="540"/>
      <f>567.90530754392353</f>
      <cx>13.260831131912596</cx>
      <cy>-2.7885539055910726</cy>
    </calibration>
  </depth_map>
  <depth_map camera_id="32" level="2" path="2/d32.exr">
    <calibration type="frame">
      <resolution width="480" height="270"/>
      <f>283.95265377196176</f>
      <cx>6.630415565956298</cx>
      <cy>-1.3942769527955363</cy>
    </calibration>
  </depth_map>
  <depth_map camera_id="33" level="0" path="0/d33.exr">
    <calibration type="frame">
      <resolution width="1920" height="1080"/>
      <f>1135.8106150878471</f>
      <cx>26.521662263825192</cx>
      <cy>-5.5771078111821453</cy>
    </calibration>
  </depth_map>
  <depth_map camera_id="33" level="1" path="1/d33.exr">
    <calibration type="frame">
      <resolution width="960" height="540"/>
      <f>567.90530754392353</f>
      <cx>13.260831131912596</cx>
      <cy>-2.7885539055910726</cy>
    </calibration>
  </depth_map>
  <depth_map camera_id="33" level="2" path="2/d33.exr">
    <calibration type="frame">
      <resolution width="480" height="270"/>
      <f>283.95265377196176</f>
      <cx>6.630415565956298</cx>
      <cy>-1.3942769527955363</cy>
    </calibration>
  </depth_map>
  <depth_map camera_id="34" level="0" path="0/d34.exr">
    <calibration type="frame">
      <resolution width="1920" height="1080"/>
      <f>1135.8106150878471</f>
      <cx>26.521662263825192</cx>
      <cy>-5.5771078111821453</cy>
    </calibration>
  </depth_map>
  <depth_map camera_id="34" level="1" path="1/d34.exr">
    <calibration type="frame">
      <resolution width="960" height="540"/>
      <f>567.90530754392353</f>
      <cx>13.260831131912596</cx>
      <cy>-2.7885539055910726</cy>
    </calibration>
  </depth_map>
  <depth_map camera_id="34" level="2" path="2/d34.exr">
    <calibration type="frame">
      <resolution width="480" height="270"/>
      <f>283.95265377196176</f>
      <cx>6.630415565956298</cx>
      <cy>-1.3942769527955363</cy>
    </calibration>
  </depth_map>
  <depth_map camera_id="35" level="0" path="0/d35.exr">
    <calibration type="frame">
      <resolution width="1920" height="1080"/>
      <f>1135.8106150878471</f>
      <cx>26.521662263825192</cx>
      <cy>-5.5771078111821453</cy>
    </calibration>
  </depth_map>
  <depth_map camera_id="35" level="1" path="1/d35.exr">
    <calibration type="frame">
      <resolution width="960" height="540"/>
      <f>567.90530754392353</f>
      <cx>13.260831131912596</cx>
      <cy>-2.7885539055910726</cy>
    </calibration>
  </depth_map>
  <depth_map camera_id="35" level="2" path="2/d35.exr">
    <calibration type="frame">
      <resolution width="480" height="270"/>
      <f>283.95265377196176</f>
      <cx>6.630415565956298</cx>
      <cy>-1.3942769527955363</cy>
    </calibration>
  </depth_map>
  <depth_map camera_id="41" level="0" path="0/d41.exr">
    <calibration type="frame">
      <resolution width="1920" height="1080"/>
      <f>1135.8106150878471</f>
      <cx>26.521662263825192</cx>
      <cy>-5.5771078111821453</cy>
    </calibration>
  </depth_map>
  <depth_map camera_id="41" level="1" path="1/d41.exr">
    <calibration type="frame">
      <resolution width="960" height="540"/>
      <f>567.90530754392353</f>
      <cx>13.260831131912596</cx>
      <cy>-2.7885539055910726</cy>
    </calibration>
  </depth_map>
  <depth_map camera_id="41" level="2" path="2/d41.exr">
    <calibration type="frame">
      <resolution width="480" height="270"/>
      <f>283.95265377196176</f>
      <cx>6.630415565956298</cx>
      <cy>-1.3942769527955363</cy>
    </calibration>
  </depth_map>
  <depth_map camera_id="42" level="0" path="0/d42.exr">
    <calibration type="frame">
      <resolution width="1920" height="1080"/>
      <f>1135.8106150878471</f>
      <cx>26.521662263825192</cx>
      <cy>-5.5771078111821453</cy>
    </calibration>
  </depth_map>
  <depth_map camera_id="42" level="1" path="1/d42.exr">
    <calibration type="frame">
      <resolution width="960" height="540"/>
      <f>567.90530754392353</f>
      <cx>13.260831131912596</cx>
      <cy>-2.7885539055910726</cy>
    </calibration>
  </depth_map>
  <depth_map camera_id="42" level="2" path="2/d42.exr">
    <calibration type="frame">
      <resolution width="480" height="270"/>
      <f>283.95265377196176</f>
      <cx>6.630415565956298</cx>
      <cy>-1.3942769527955363</cy>
    </calibration>
  </depth_map>
  <depth_map camera_id="43" level="0" path="0/d43.exr">
    <calibration type="frame">
      <resolution width="1920" height="1080"/>
      <f>1135.8106150878471</f>
      <cx>26.521662263825192</cx>
      <cy>-5.5771078111821453</cy>
    </calibration>
  </depth_map>
  <depth_map camera_id="43" level="1" path="1/d43.exr">
    <calibration type="frame">
      <resolution width="960" height="540"/>
      <f>567.90530754392353</f>
      <cx>13.260831131912596</cx>
      <cy>-2.7885539055910726</cy>
    </calibration>
  </depth_map>
  <depth_map camera_id="43" level="2" path="2/d43.exr">
    <calibration type="frame">
      <resolution width="480" height="270"/>
      <f>283.95265377196176</f>
      <cx>6.630415565956298</cx>
      <cy>-1.3942769527955363</cy>
    </calibration>
  </depth_map>
  <depth_map camera_id="44" level="0" path="0/d44.exr">
    <calibration type="frame">
      <resolution width="1920" height="1080"/>
      <f>1135.8106150878471</f>
      <cx>26.521662263825192</cx>
      <cy>-5.5771078111821453</cy>
    </calibration>
  </depth_map>
  <depth_map camera_id="44" level="1" path="1/d44.exr">
    <calibration type="frame">
      <resolution width="960" height="540"/>
      <f>567.90530754392353</f>
      <cx>13.260831131912596</cx>
      <cy>-2.7885539055910726</cy>
    </calibration>
  </depth_map>
  <depth_map camera_id="44" level="2" path="2/d44.exr">
    <calibration type="frame">
      <resolution width="480" height="270"/>
      <f>283.95265377196176</f>
      <cx>6.630415565956298</cx>
      <cy>-1.3942769527955363</cy>
    </calibration>
  </depth_map>
  <depth_map camera_id="51" level="0" path="0/d51.exr">
    <calibration type="frame">
      <resolution width="1920" height="1080"/>
      <f>1135.8106150878471</f>
      <cx>26.521662263825192</cx>
      <cy>-5.5771078111821453</cy>
    </calibration>
  </depth_map>
  <depth_map camera_id="51" level="1" path="1/d51.exr">
    <calibration type="frame">
      <resolution width="960" height="540"/>
      <f>567.90530754392353</f>
      <cx>13.260831131912596</cx>
      <cy>-2.7885539055910726</cy>
    </calibration>
  </depth_map>
  <depth_map camera_id="51" level="2" path="2/d51.exr">
    <calibration type="frame">
      <resolution width="480" height="270"/>
      <f>283.95265377196176</f>
      <cx>6.630415565956298</cx>
      <cy>-1.3942769527955363</cy>
    </calibration>
  </depth_map>
  <depth_map camera_id="52" level="0" path="0/d52.exr">
    <calibration type="frame">
      <resolution width="1920" height="1080"/>
      <f>1135.8106150878471</f>
      <cx>26.521662263825192</cx>
      <cy>-5.5771078111821453</cy>
    </calibration>
  </depth_map>
  <depth_map camera_id="52" level="1" path="1/d52.exr">
    <calibration type="frame">
      <resolution width="960" height="540"/>
      <f>567.90530754392353</f>
      <cx>13.260831131912596</cx>
      <cy>-2.7885539055910726</cy>
    </calibration>
  </depth_map>
  <depth_map camera_id="52" level="2" path="2/d52.exr">
    <calibration type="frame">
      <resolution width="480" height="270"/>
      <f>283.95265377196176</f>
      <cx>6.630415565956298</cx>
      <cy>-1.3942769527955363</cy>
    </calibration>
  </depth_map>
  <depth_map camera_id="53" level="0" path="0/d53.exr">
    <calibration type="frame">
      <resolution width="1920" height="1080"/>
      <f>1135.8106150878471</f>
      <cx>26.521662263825192</cx>
      <cy>-5.5771078111821453</cy>
    </calibration>
  </depth_map>
  <depth_map camera_id="53" level="1" path="1/d53.exr">
    <calibration type="frame">
      <resolution width="960" height="540"/>
      <f>567.90530754392353</f>
      <cx>13.260831131912596</cx>
      <cy>-2.7885539055910726</cy>
    </calibration>
  </depth_map>
  <depth_map camera_id="53" level="2" path="2/d53.exr">
    <calibration type="frame">
      <resolution width="480" height="270"/>
      <f>283.95265377196176</f>
      <cx>6.630415565956298</cx>
      <cy>-1.3942769527955363</cy>
    </calibration>
  </depth_map>
  <depth_map camera_id="60" level="0" path="0/d60.exr">
    <calibration type="frame">
      <resolution width="1920" height="1080"/>
      <f>1135.8106150878471</f>
      <cx>26.521662263825192</cx>
      <cy>-5.5771078111821453</cy>
    </calibration>
  </depth_map>
  <depth_map camera_id="60" level="1" path="1/d60.exr">
    <calibration type="frame">
      <resolution width="960" height="540"/>
      <f>567.90530754392353</f>
      <cx>13.260831131912596</cx>
      <cy>-2.7885539055910726</cy>
    </calibration>
  </depth_map>
  <depth_map camera_id="60" level="2" path="2/d60.exr">
    <calibration type="frame">
      <resolution width="480" height="270"/>
      <f>283.95265377196176</f>
      <cx>6.630415565956298</cx>
      <cy>-1.3942769527955363</cy>
    </calibration>
  </depth_map>
  <depth_map camera_id="61" level="0" path="0/d61.exr">
    <calibration type="frame">
      <resolution width="1920" height="1080"/>
      <f>1135.8106150878471</f>
      <cx>26.521662263825192</cx>
      <cy>-5.5771078111821453</cy>
    </calibration>
  </depth_map>
  <depth_map camera_id="61" level="1" path="1/d61.exr">
    <calibration type="frame">
      <resolution width="960" height="540"/>
      <f>567.90530754392353</f>
      <cx>13.260831131912596</cx>
      <cy>-2.7885539055910726</cy>
    </calibration>
  </depth_map>
  <depth_map camera_id="61" level="2" path="2/d61.exr">
    <calibration type="frame">
      <resolution width="480" height="270"/>
      <f>283.95265377196176</f>
      <cx>6.630415565956298</cx>
      <cy>-1.3942769527955363</cy>
    </calibration>
  </depth_map>
  <depth_map camera_id="62" level="0" path="0/d62.exr">
    <calibration type="frame">
      <resolution width="1920" height="1080"/>
      <f>1135.8106150878471</f>
      <cx>26.521662263825192</cx>
      <cy>-5.5771078111821453</cy>
    </calibration>
  </depth_map>
  <depth_map camera_id="62" level="1" path="1/d62.exr">
    <calibration type="frame">
      <resolution width="960" height="540"/>
      <f>567.90530754392353</f>
      <cx>13.260831131912596</cx>
      <cy>-2.7885539055910726</cy>
    </calibration>
  </depth_map>
  <depth_map camera_id="62" level="2" path="2/d62.exr">
    <calibration type="frame">
      <resolution width="480" height="270"/>
      <f>283.95265377196176</f>
      <cx>6.630415565956298</cx>
      <cy>-1.3942769527955363</cy>
    </calibration>
  </depth_map>
  <depth_map camera_id="69" level="0" path="0/d69.exr">
    <calibration type="frame">
      <resolution width="1920" height="1080"/>
      <f>1135.8106150878471</f>
      <cx>26.521662263825192</cx>
      <cy>-5.5771078111821453</cy>
    </calibration>
  </depth_map>
  <depth_map camera_id="69" level="1" path="1/d69.exr">
    <calibration type="frame">
      <resolution width="960" height="540"/>
      <f>567.90530754392353</f>
      <cx>13.260831131912596</cx>
      <cy>-2.7885539055910726</cy>
    </calibration>
  </depth_map>
  <depth_map camera_id="69" level="2" path="2/d69.exr">
    <calibration type="frame">
      <resolution width="480" height="270"/>
      <f>283.95265377196176</f>
      <cx>6.630415565956298</cx>
      <cy>-1.3942769527955363</cy>
    </calibration>
  </depth_map>
  <depth_map camera_id="70" level="0" path="0/d70.exr">
    <calibration type="frame">
      <resolution width="1920" height="1080"/>
      <f>1135.8106150878471</f>
      <cx>26.521662263825192</cx>
      <cy>-5.5771078111821453</cy>
    </calibration>
  </depth_map>
  <depth_map camera_id="70" level="1" path="1/d70.exr">
    <calibration type="frame">
      <resolution width="960" height="540"/>
      <f>567.90530754392353</f>
      <cx>13.260831131912596</cx>
      <cy>-2.7885539055910726</cy>
    </calibration>
  </depth_map>
  <depth_map camera_id="70" level="2" path="2/d70.exr">
    <calibration type="frame">
      <resolution width="480" height="270"/>
      <f>283.95265377196176</f>
      <cx>6.630415565956298</cx>
      <cy>-1.3942769527955363</cy>
    </calibration>
  </depth_map>
  <depth_map camera_id="71" level="0" path="0/d71.exr">
    <calibration type="frame">
      <resolution width="1920" height="1080"/>
      <f>1135.8106150878471</f>
      <cx>26.521662263825192</cx>
      <cy>-5.5771078111821453</cy>
    </calibration>
  </depth_map>
  <depth_map camera_id="71" level="1" path="1/d71.exr">
    <calibration type="frame">
      <resolution width="960" height="540"/>
      <f>567.90530754392353</f>
      <cx>13.260831131912596</cx>
      <cy>-2.7885539055910726</cy>
    </calibration>
  </depth_map>
  <depth_map camera_id="71" level="2" path="2/d71.exr">
    <calibration type="frame">
      <resolution width="480" height="270"/>
      <f>283.95265377196176</f>
      <cx>6.630415565956298</cx>
      <cy>-1.3942769527955363</cy>
    </calibration>
  </depth_map>
  <depth_map camera_id="78" level="0" path="0/d78.exr">
    <calibration type="frame">
      <resolution width="1920" height="1080"/>
      <f>1135.8106150878471</f>
      <cx>26.521662263825192</cx>
      <cy>-5.5771078111821453</cy>
    </calibration>
  </depth_map>
  <depth_map camera_id="78" level="1" path="1/d78.exr">
    <calibration type="frame">
      <resolution width="960" height="540"/>
      <f>567.90530754392353</f>
      <cx>13.260831131912596</cx>
      <cy>-2.7885539055910726</cy>
    </calibration>
  </depth_map>
  <depth_map camera_id="78" level="2" path="2/d78.exr">
    <calibration type="frame">
      <resolution width="480" height="270"/>
      <f>283.95265377196176</f>
      <cx>6.630415565956298</cx>
      <cy>-1.3942769527955363</cy>
    </calibration>
  </depth_map>
  <depth_map camera_id="79" level="0" path="0/d79.exr">
    <calibration type="frame">
      <resolution width="1920" height="1080"/>
      <f>1135.8106150878471</f>
      <cx>26.521662263825192</cx>
      <cy>-5.5771078111821453</cy>
    </calibration>
  </depth_map>
  <depth_map camera_id="79" level="1" path="1/d79.exr">
    <calibration type="frame">
      <resolution width="960" height="540"/>
      <f>567.90530754392353</f>
      <cx>13.260831131912596</cx>
      <cy>-2.7885539055910726</cy>
    </calibration>
  </depth_map>
  <depth_map camera_id="79" level="2" path="2/d79.exr">
    <calibration type="frame">
      <resolution width="480" height="270"/>
      <f>283.95265377196176</f>
      <cx>6.630415565956298</cx>
      <cy>-1.3942769527955363</cy>
    </calibration>
  </depth_map>
  <depth_map camera_id="80" level="0" path="0/d80.exr">
    <calibration type="frame">
      <resolution width="1920" height="1080"/>
      <f>1135.8106150878471</f>
      <cx>26.521662263825192</cx>
      <cy>-5.5771078111821453</cy>
    </calibration>
  </depth_map>
  <depth_map camera_id="80" level="1" path="1/d80.exr">
    <calibration type="frame">
      <resolution width="960" height="540"/>
      <f>567.90530754392353</f>
      <cx>13.260831131912596</cx>
      <cy>-2.7885539055910726</cy>
    </calibration>
  </depth_map>
  <depth_map camera_id="80" level="2" path="2/d80.exr">
    <calibration type="frame">
      <resolution width="480" height="270"/>
      <f>283.95265377196176</f>
      <cx>6.630415565956298</cx>
      <cy>-1.3942769527955363</cy>
    </calibration>
  </depth_map>
  <depth_map camera_id="244" level="0" path="0/d244.exr">
    <calibration type="frame">
      <resolution width="1920" height="1080"/>
      <f>1135.8106150878471</f>
      <cx>26.521662263825192</cx>
      <cy>-5.5771078111821453</cy>
    </calibration>
  </depth_map>
  <depth_map camera_id="244" level="1" path="1/d244.exr">
    <calibration type="frame">
      <resolution width="960" height="540"/>
      <f>567.90530754392353</f>
      <cx>13.260831131912596</cx>
      <cy>-2.7885539055910726</cy>
    </calibration>
  </depth_map>
  <depth_map camera_id="244" level="2" path="2/d244.exr">
    <calibration type="frame">
      <resolution width="480" height="270"/>
      <f>283.95265377196176</f>
      <cx>6.630415565956298</cx>
      <cy>-1.3942769527955363</cy>
    </calibration>
  </depth_map>
  <depth_map camera_id="245" level="0" path="0/d245.exr">
    <calibration type="frame">
      <resolution width="1920" height="1080"/>
      <f>1135.8106150878471</f>
      <cx>26.521662263825192</cx>
      <cy>-5.5771078111821453</cy>
    </calibration>
  </depth_map>
  <depth_map camera_id="245" level="1" path="1/d245.exr">
    <calibration type="frame">
      <resolution width="960" height="540"/>
      <f>567.90530754392353</f>
      <cx>13.260831131912596</cx>
      <cy>-2.7885539055910726</cy>
    </calibration>
  </depth_map>
  <depth_map camera_id="245" level="2" path="2/d245.exr">
    <calibration type="frame">
      <resolution width="480" height="270"/>
      <f>283.95265377196176</f>
      <cx>6.630415565956298</cx>
      <cy>-1.3942769527955363</cy>
    </calibration>
  </depth_map>
  <depth_map camera_id="252" level="0" path="0/d252.exr">
    <calibration type="frame">
      <resolution width="1920" height="1080"/>
      <f>1135.8106150878471</f>
      <cx>26.521662263825192</cx>
      <cy>-5.5771078111821453</cy>
    </calibration>
  </depth_map>
  <depth_map camera_id="252" level="1" path="1/d252.exr">
    <calibration type="frame">
      <resolution width="960" height="540"/>
      <f>567.90530754392353</f>
      <cx>13.260831131912596</cx>
      <cy>-2.7885539055910726</cy>
    </calibration>
  </depth_map>
  <depth_map camera_id="252" level="2" path="2/d252.exr">
    <calibration type="frame">
      <resolution width="480" height="270"/>
      <f>283.95265377196176</f>
      <cx>6.630415565956298</cx>
      <cy>-1.3942769527955363</cy>
    </calibration>
  </depth_map>
  <depth_map camera_id="253" level="0" path="0/d253.exr">
    <calibration type="frame">
      <resolution width="1920" height="1080"/>
      <f>1135.8106150878471</f>
      <cx>26.521662263825192</cx>
      <cy>-5.5771078111821453</cy>
    </calibration>
  </depth_map>
  <depth_map camera_id="253" level="1" path="1/d253.exr">
    <calibration type="frame">
      <resolution width="960" height="540"/>
      <f>567.90530754392353</f>
      <cx>13.260831131912596</cx>
      <cy>-2.7885539055910726</cy>
    </calibration>
  </depth_map>
  <depth_map camera_id="253" level="2" path="2/d253.exr">
    <calibration type="frame">
      <resolution width="480" height="270"/>
      <f>283.95265377196176</f>
      <cx>6.630415565956298</cx>
      <cy>-1.3942769527955363</cy>
    </calibration>
  </depth_map>
  <depth_map camera_id="254" level="0" path="0/d254.exr">
    <calibration type="frame">
      <resolution width="1920" height="1080"/>
      <f>1135.8106150878471</f>
      <cx>26.521662263825192</cx>
      <cy>-5.5771078111821453</cy>
    </calibration>
  </depth_map>
  <depth_map camera_id="254" level="1" path="1/d254.exr">
    <calibration type="frame">
      <resolution width="960" height="540"/>
      <f>567.90530754392353</f>
      <cx>13.260831131912596</cx>
      <cy>-2.7885539055910726</cy>
    </calibration>
  </depth_map>
  <depth_map camera_id="254" level="2" path="2/d254.exr">
    <calibration type="frame">
      <resolution width="480" height="270"/>
      <f>283.95265377196176</f>
      <cx>6.630415565956298</cx>
      <cy>-1.3942769527955363</cy>
    </calibration>
  </depth_map>
  <depth_map camera_id="255" level="0" path="0/d255.exr">
    <calibration type="frame">
      <resolution width="1920" height="1080"/>
      <f>1135.8106150878471</f>
      <cx>26.521662263825192</cx>
      <cy>-5.5771078111821453</cy>
    </calibration>
  </depth_map>
  <depth_map camera_id="255" level="1" path="1/d255.exr">
    <calibration type="frame">
      <resolution width="960" height="540"/>
      <f>567.90530754392353</f>
      <cx>13.260831131912596</cx>
      <cy>-2.7885539055910726</cy>
    </calibration>
  </depth_map>
  <depth_map camera_id="255" level="2" path="2/d255.exr">
    <calibration type="frame">
      <resolution width="480" height="270"/>
      <f>283.95265377196176</f>
      <cx>6.630415565956298</cx>
      <cy>-1.3942769527955363</cy>
    </calibration>
  </depth_map>
  <depth_map camera_id="256" level="0" path="0/d256.exr">
    <calibration type="frame">
      <resolution width="1920" height="1080"/>
      <f>1135.8106150878471</f>
      <cx>26.521662263825192</cx>
      <cy>-5.5771078111821453</cy>
    </calibration>
  </depth_map>
  <depth_map camera_id="256" level="1" path="1/d256.exr">
    <calibration type="frame">
      <resolution width="960" height="540"/>
      <f>567.90530754392353</f>
      <cx>13.260831131912596</cx>
      <cy>-2.7885539055910726</cy>
    </calibration>
  </depth_map>
  <depth_map camera_id="256" level="2" path="2/d256.exr">
    <calibration type="frame">
      <resolution width="480" height="270"/>
      <f>283.95265377196176</f>
      <cx>6.630415565956298</cx>
      <cy>-1.3942769527955363</cy>
    </calibration>
  </depth_map>
</depth_maps>
