<?xml version="1.0" encoding="UTF-8"?>
<depth_maps version="1.5.0">
  <depth_map camera_id="6" level="0" path="0/d6.exr">
    <calibration type="frame">
      <resolution width="1920" height="1080"/>
      <f>1135.7274850202248</f>
      <cx>25.736719442971093</cx>
      <cy>-5.713996909165644</cy>
    </calibration>
  </depth_map>
  <depth_map camera_id="6" level="1" path="1/d6.exr">
    <calibration type="frame">
      <resolution width="960" height="540"/>
      <f>567.86374251011239</f>
      <cx>12.868359721485547</cx>
      <cy>-2.856998454582822</cy>
    </calibration>
  </depth_map>
  <depth_map camera_id="6" level="2" path="2/d6.exr">
    <calibration type="frame">
      <resolution width="480" height="270"/>
      <f>283.93187125505619</f>
      <cx>6.4341798607427734</cx>
      <cy>-1.428499227291411</cy>
    </calibration>
  </depth_map>
  <depth_map camera_id="7" level="0" path="0/d7.exr">
    <calibration type="frame">
      <resolution width="1920" height="1080"/>
      <f>1135.7274850202248</f>
      <cx>25.736719442971093</cx>
      <cy>-5.713996909165644</cy>
    </calibration>
  </depth_map>
  <depth_map camera_id="7" level="1" path="1/d7.exr">
    <calibration type="frame">
      <resolution width="960" height="540"/>
      <f>567.86374251011239</f>
      <cx>12.868359721485547</cx>
      <cy>-2.856998454582822</cy>
    </calibration>
  </depth_map>
  <depth_map camera_id="7" level="2" path="2/d7.exr">
    <calibration type="frame">
      <resolution width="480" height="270"/>
      <f>283.93187125505619</f>
      <cx>6.4341798607427734</cx>
      <cy>-1.428499227291411</cy>
    </calibration>
  </depth_map>
  <depth_map camera_id="8" level="0" path="0/d8.exr">
    <calibration type="frame">
      <resolution width="1920" height="1080"/>
      <f>1135.7274850202248</f>
      <cx>25.736719442971093</cx>
      <cy>-5.713996909165644</cy>
    </calibration>
  </depth_map>
  <depth_map camera_id="8" level="1" path="1/d8.exr">
    <calibration type="frame">
      <resolution width="960" height="540"/>
      <f>567.86374251011239</f>
      <cx>12.868359721485547</cx>
      <cy>-2.856998454582822</cy>
    </calibration>
  </depth_map>
  <depth_map camera_id="8" level="2" path="2/d8.exr">
    <calibration type="frame">
      <resolution width="480" height="270"/>
      <f>283.93187125505619</f>
      <cx>6.4341798607427734</cx>
      <cy>-1.428499227291411</cy>
    </calibration>
  </depth_map>
  <depth_map camera_id="213" level="0" path="0/d213.exr">
    <calibration type="frame">
      <resolution width="1920" height="1080"/>
      <f>1135.7274850202248</f>
      <cx>25.736719442971093</cx>
      <cy>-5.713996909165644</cy>
    </calibration>
  </depth_map>
  <depth_map camera_id="213" level="1" path="1/d213.exr">
    <calibration type="frame">
      <resolution width="960" height="540"/>
      <f>567.86374251011239</f>
      <cx>12.868359721485547</cx>
      <cy>-2.856998454582822</cy>
    </calibration>
  </depth_map>
  <depth_map camera_id="213" level="2" path="2/d213.exr">
    <calibration type="frame">
      <resolution width="480" height="270"/>
      <f>283.93187125505619</f>
      <cx>6.4341798607427734</cx>
      <cy>-1.428499227291411</cy>
    </calibration>
  </depth_map>
  <depth_map camera_id="222" level="0" path="0/d222.exr">
    <calibration type="frame">
      <resolution width="1920" height="1080"/>
      <f>1135.7274850202248</f>
      <cx>25.736719442971093</cx>
      <cy>-5.713996909165644</cy>
    </calibration>
  </depth_map>
  <depth_map camera_id="222" level="1" path="1/d222.exr">
    <calibration type="frame">
      <resolution width="960" height="540"/>
      <f>567.86374251011239</f>
      <cx>12.868359721485547</cx>
      <cy>-2.856998454582822</cy>
    </calibration>
  </depth_map>
  <depth_map camera_id="222" level="2" path="2/d222.exr">
    <calibration type="frame">
      <resolution width="480" height="270"/>
      <f>283.93187125505619</f>
      <cx>6.4341798607427734</cx>
      <cy>-1.428499227291411</cy>
    </calibration>
  </depth_map>
  <depth_map camera_id="223" level="0" path="0/d223.exr">
    <calibration type="frame">
      <resolution width="1920" height="1080"/>
      <f>1135.7274850202248</f>
      <cx>25.736719442971093</cx>
      <cy>-5.713996909165644</cy>
    </calibration>
  </depth_map>
  <depth_map camera_id="223" level="1" path="1/d223.exr">
    <calibration type="frame">
      <resolution width="960" height="540"/>
      <f>567.86374251011239</f>
      <cx>12.868359721485547</cx>
      <cy>-2.856998454582822</cy>
    </calibration>
  </depth_map>
  <depth_map camera_id="223" level="2" path="2/d223.exr">
    <calibration type="frame">
      <resolution width="480" height="270"/>
      <f>283.93187125505619</f>
      <cx>6.4341798607427734</cx>
      <cy>-1.428499227291411</cy>
    </calibration>
  </depth_map>
  <depth_map camera_id="224" level="0" path="0/d224.exr">
    <calibration type="frame">
      <resolution width="1920" height="1080"/>
      <f>1135.7274850202248</f>
      <cx>25.736719442971093</cx>
      <cy>-5.713996909165644</cy>
    </calibration>
  </depth_map>
  <depth_map camera_id="224" level="1" path="1/d224.exr">
    <calibration type="frame">
      <resolution width="960" height="540"/>
      <f>567.86374251011239</f>
      <cx>12.868359721485547</cx>
      <cy>-2.856998454582822</cy>
    </calibration>
  </depth_map>
  <depth_map camera_id="224" level="2" path="2/d224.exr">
    <calibration type="frame">
      <resolution width="480" height="270"/>
      <f>283.93187125505619</f>
      <cx>6.4341798607427734</cx>
      <cy>-1.428499227291411</cy>
    </calibration>
  </depth_map>
  <depth_map camera_id="231" level="0" path="0/d231.exr">
    <calibration type="frame">
      <resolution width="1920" height="1080"/>
      <f>1135.7274850202248</f>
      <cx>25.736719442971093</cx>
      <cy>-5.713996909165644</cy>
    </calibration>
  </depth_map>
  <depth_map camera_id="231" level="1" path="1/d231.exr">
    <calibration type="frame">
      <resolution width="960" height="540"/>
      <f>567.86374251011239</f>
      <cx>12.868359721485547</cx>
      <cy>-2.856998454582822</cy>
    </calibration>
  </depth_map>
  <depth_map camera_id="231" level="2" path="2/d231.exr">
    <calibration type="frame">
      <resolution width="480" height="270"/>
      <f>283.93187125505619</f>
      <cx>6.4341798607427734</cx>
      <cy>-1.428499227291411</cy>
    </calibration>
  </depth_map>
  <depth_map camera_id="232" level="0" path="0/d232.exr">
    <calibration type="frame">
      <resolution width="1920" height="1080"/>
      <f>1135.7274850202248</f>
      <cx>25.736719442971093</cx>
      <cy>-5.713996909165644</cy>
    </calibration>
  </depth_map>
  <depth_map camera_id="232" level="1" path="1/d232.exr">
    <calibration type="frame">
      <resolution width="960" height="540"/>
      <f>567.86374251011239</f>
      <cx>12.868359721485547</cx>
      <cy>-2.856998454582822</cy>
    </calibration>
  </depth_map>
  <depth_map camera_id="232" level="2" path="2/d232.exr">
    <calibration type="frame">
      <resolution width="480" height="270"/>
      <f>283.93187125505619</f>
      <cx>6.4341798607427734</cx>
      <cy>-1.428499227291411</cy>
    </calibration>
  </depth_map>
  <depth_map camera_id="233" level="0" path="0/d233.exr">
    <calibration type="frame">
      <resolution width="1920" height="1080"/>
      <f>1135.7274850202248</f>
      <cx>25.736719442971093</cx>
      <cy>-5.713996909165644</cy>
    </calibration>
  </depth_map>
  <depth_map camera_id="233" level="1" path="1/d233.exr">
    <calibration type="frame">
      <resolution width="960" height="540"/>
      <f>567.86374251011239</f>
      <cx>12.868359721485547</cx>
      <cy>-2.856998454582822</cy>
    </calibration>
  </depth_map>
  <depth_map camera_id="233" level="2" path="2/d233.exr">
    <calibration type="frame">
      <resolution width="480" height="270"/>
      <f>283.93187125505619</f>
      <cx>6.4341798607427734</cx>
      <cy>-1.428499227291411</cy>
    </calibration>
  </depth_map>
  <depth_map camera_id="240" level="0" path="0/d240.exr">
    <calibration type="frame">
      <resolution width="1920" height="1080"/>
      <f>1135.7274850202248</f>
      <cx>25.736719442971093</cx>
      <cy>-5.713996909165644</cy>
    </calibration>
  </depth_map>
  <depth_map camera_id="240" level="1" path="1/d240.exr">
    <calibration type="frame">
      <resolution width="960" height="540"/>
      <f>567.86374251011239</f>
      <cx>12.868359721485547</cx>
      <cy>-2.856998454582822</cy>
    </calibration>
  </depth_map>
  <depth_map camera_id="240" level="2" path="2/d240.exr">
    <calibration type="frame">
      <resolution width="480" height="270"/>
      <f>283.93187125505619</f>
      <cx>6.4341798607427734</cx>
      <cy>-1.428499227291411</cy>
    </calibration>
  </depth_map>
  <depth_map camera_id="241" level="0" path="0/d241.exr">
    <calibration type="frame">
      <resolution width="1920" height="1080"/>
      <f>1135.7274850202248</f>
      <cx>25.736719442971093</cx>
      <cy>-5.713996909165644</cy>
    </calibration>
  </depth_map>
  <depth_map camera_id="241" level="1" path="1/d241.exr">
    <calibration type="frame">
      <resolution width="960" height="540"/>
      <f>567.86374251011239</f>
      <cx>12.868359721485547</cx>
      <cy>-2.856998454582822</cy>
    </calibration>
  </depth_map>
  <depth_map camera_id="241" level="2" path="2/d241.exr">
    <calibration type="frame">
      <resolution width="480" height="270"/>
      <f>283.93187125505619</f>
      <cx>6.4341798607427734</cx>
      <cy>-1.428499227291411</cy>
    </calibration>
  </depth_map>
  <depth_map camera_id="242" level="0" path="0/d242.exr">
    <calibration type="frame">
      <resolution width="1920" height="1080"/>
      <f>1135.7274850202248</f>
      <cx>25.736719442971093</cx>
      <cy>-5.713996909165644</cy>
    </calibration>
  </depth_map>
  <depth_map camera_id="242" level="1" path="1/d242.exr">
    <calibration type="frame">
      <resolution width="960" height="540"/>
      <f>567.86374251011239</f>
      <cx>12.868359721485547</cx>
      <cy>-2.856998454582822</cy>
    </calibration>
  </depth_map>
  <depth_map camera_id="242" level="2" path="2/d242.exr">
    <calibration type="frame">
      <resolution width="480" height="270"/>
      <f>283.93187125505619</f>
      <cx>6.4341798607427734</cx>
      <cy>-1.428499227291411</cy>
    </calibration>
  </depth_map>
  <depth_map camera_id="249" level="0" path="0/d249.exr">
    <calibration type="frame">
      <resolution width="1920" height="1080"/>
      <f>1135.7274850202248</f>
      <cx>25.736719442971093</cx>
      <cy>-5.713996909165644</cy>
    </calibration>
  </depth_map>
  <depth_map camera_id="249" level="1" path="1/d249.exr">
    <calibration type="frame">
      <resolution width="960" height="540"/>
      <f>567.86374251011239</f>
      <cx>12.868359721485547</cx>
      <cy>-2.856998454582822</cy>
    </calibration>
  </depth_map>
  <depth_map camera_id="249" level="2" path="2/d249.exr">
    <calibration type="frame">
      <resolution width="480" height="270"/>
      <f>283.93187125505619</f>
      <cx>6.4341798607427734</cx>
      <cy>-1.428499227291411</cy>
    </calibration>
  </depth_map>
  <depth_map camera_id="250" level="0" path="0/d250.exr">
    <calibration type="frame">
      <resolution width="1920" height="1080"/>
      <f>1135.7274850202248</f>
      <cx>25.736719442971093</cx>
      <cy>-5.713996909165644</cy>
    </calibration>
  </depth_map>
  <depth_map camera_id="250" level="1" path="1/d250.exr">
    <calibration type="frame">
      <resolution width="960" height="540"/>
      <f>567.86374251011239</f>
      <cx>12.868359721485547</cx>
      <cy>-2.856998454582822</cy>
    </calibration>
  </depth_map>
  <depth_map camera_id="250" level="2" path="2/d250.exr">
    <calibration type="frame">
      <resolution width="480" height="270"/>
      <f>283.93187125505619</f>
      <cx>6.4341798607427734</cx>
      <cy>-1.428499227291411</cy>
    </calibration>
  </depth_map>
  <depth_map camera_id="251" level="0" path="0/d251.exr">
    <calibration type="frame">
      <resolution width="1920" height="1080"/>
      <f>1135.7274850202248</f>
      <cx>25.736719442971093</cx>
      <cy>-5.713996909165644</cy>
    </calibration>
  </depth_map>
  <depth_map camera_id="251" level="1" path="1/d251.exr">
    <calibration type="frame">
      <resolution width="960" height="540"/>
      <f>567.86374251011239</f>
      <cx>12.868359721485547</cx>
      <cy>-2.856998454582822</cy>
    </calibration>
  </depth_map>
  <depth_map camera_id="251" level="2" path="2/d251.exr">
    <calibration type="frame">
      <resolution width="480" height="270"/>
      <f>283.93187125505619</f>
      <cx>6.4341798607427734</cx>
      <cy>-1.428499227291411</cy>
    </calibration>
  </depth_map>
  <depth_map camera_id="258" level="0" path="0/d258.exr">
    <calibration type="frame">
      <resolution width="1920" height="1080"/>
      <f>1135.7274850202248</f>
      <cx>25.736719442971093</cx>
      <cy>-5.713996909165644</cy>
    </calibration>
  </depth_map>
  <depth_map camera_id="258" level="1" path="1/d258.exr">
    <calibration type="frame">
      <resolution width="960" height="540"/>
      <f>567.86374251011239</f>
      <cx>12.868359721485547</cx>
      <cy>-2.856998454582822</cy>
    </calibration>
  </depth_map>
  <depth_map camera_id="258" level="2" path="2/d258.exr">
    <calibration type="frame">
      <resolution width="480" height="270"/>
      <f>283.93187125505619</f>
      <cx>6.4341798607427734</cx>
      <cy>-1.428499227291411</cy>
    </calibration>
  </depth_map>
  <depth_map camera_id="259" level="0" path="0/d259.exr">
    <calibration type="frame">
      <resolution width="1920" height="1080"/>
      <f>1135.7274850202248</f>
      <cx>25.736719442971093</cx>
      <cy>-5.713996909165644</cy>
    </calibration>
  </depth_map>
  <depth_map camera_id="259" level="1" path="1/d259.exr">
    <calibration type="frame">
      <resolution width="960" height="540"/>
      <f>567.86374251011239</f>
      <cx>12.868359721485547</cx>
      <cy>-2.856998454582822</cy>
    </calibration>
  </depth_map>
  <depth_map camera_id="259" level="2" path="2/d259.exr">
    <calibration type="frame">
      <resolution width="480" height="270"/>
      <f>283.93187125505619</f>
      <cx>6.4341798607427734</cx>
      <cy>-1.428499227291411</cy>
    </calibration>
  </depth_map>
  <depth_map camera_id="260" level="0" path="0/d260.exr">
    <calibration type="frame">
      <resolution width="1920" height="1080"/>
      <f>1135.7274850202248</f>
      <cx>25.736719442971093</cx>
      <cy>-5.713996909165644</cy>
    </calibration>
  </depth_map>
  <depth_map camera_id="260" level="1" path="1/d260.exr">
    <calibration type="frame">
      <resolution width="960" height="540"/>
      <f>567.86374251011239</f>
      <cx>12.868359721485547</cx>
      <cy>-2.856998454582822</cy>
    </calibration>
  </depth_map>
  <depth_map camera_id="260" level="2" path="2/d260.exr">
    <calibration type="frame">
      <resolution width="480" height="270"/>
      <f>283.93187125505619</f>
      <cx>6.4341798607427734</cx>
      <cy>-1.428499227291411</cy>
    </calibration>
  </depth_map>
  <depth_map camera_id="267" level="0" path="0/d267.exr">
    <calibration type="frame">
      <resolution width="1920" height="1080"/>
      <f>1135.7274850202248</f>
      <cx>25.736719442971093</cx>
      <cy>-5.713996909165644</cy>
    </calibration>
  </depth_map>
  <depth_map camera_id="267" level="1" path="1/d267.exr">
    <calibration type="frame">
      <resolution width="960" height="540"/>
      <f>567.86374251011239</f>
      <cx>12.868359721485547</cx>
      <cy>-2.856998454582822</cy>
    </calibration>
  </depth_map>
  <depth_map camera_id="267" level="2" path="2/d267.exr">
    <calibration type="frame">
      <resolution width="480" height="270"/>
      <f>283.93187125505619</f>
      <cx>6.4341798607427734</cx>
      <cy>-1.428499227291411</cy>
    </calibration>
  </depth_map>
  <depth_map camera_id="268" level="0" path="0/d268.exr">
    <calibration type="frame">
      <resolution width="1920" height="1080"/>
      <f>1135.7274850202248</f>
      <cx>25.736719442971093</cx>
      <cy>-5.713996909165644</cy>
    </calibration>
  </depth_map>
  <depth_map camera_id="268" level="1" path="1/d268.exr">
    <calibration type="frame">
      <resolution width="960" height="540"/>
      <f>567.86374251011239</f>
      <cx>12.868359721485547</cx>
      <cy>-2.856998454582822</cy>
    </calibration>
  </depth_map>
  <depth_map camera_id="268" level="2" path="2/d268.exr">
    <calibration type="frame">
      <resolution width="480" height="270"/>
      <f>283.93187125505619</f>
      <cx>6.4341798607427734</cx>
      <cy>-1.428499227291411</cy>
    </calibration>
  </depth_map>
  <depth_map camera_id="269" level="0" path="0/d269.exr">
    <calibration type="frame">
      <resolution width="1920" height="1080"/>
      <f>1135.7274850202248</f>
      <cx>25.736719442971093</cx>
      <cy>-5.713996909165644</cy>
    </calibration>
  </depth_map>
  <depth_map camera_id="269" level="1" path="1/d269.exr">
    <calibration type="frame">
      <resolution width="960" height="540"/>
      <f>567.86374251011239</f>
      <cx>12.868359721485547</cx>
      <cy>-2.856998454582822</cy>
    </calibration>
  </depth_map>
  <depth_map camera_id="269" level="2" path="2/d269.exr">
    <calibration type="frame">
      <resolution width="480" height="270"/>
      <f>283.93187125505619</f>
      <cx>6.4341798607427734</cx>
      <cy>-1.428499227291411</cy>
    </calibration>
  </depth_map>
  <depth_map camera_id="276" level="0" path="0/d276.exr">
    <calibration type="frame">
      <resolution width="1920" height="1080"/>
      <f>1135.7274850202248</f>
      <cx>25.736719442971093</cx>
      <cy>-5.713996909165644</cy>
    </calibration>
  </depth_map>
  <depth_map camera_id="276" level="1" path="1/d276.exr">
    <calibration type="frame">
      <resolution width="960" height="540"/>
      <f>567.86374251011239</f>
      <cx>12.868359721485547</cx>
      <cy>-2.856998454582822</cy>
    </calibration>
  </depth_map>
  <depth_map camera_id="276" level="2" path="2/d276.exr">
    <calibration type="frame">
      <resolution width="480" height="270"/>
      <f>283.93187125505619</f>
      <cx>6.4341798607427734</cx>
      <cy>-1.428499227291411</cy>
    </calibration>
  </depth_map>
  <depth_map camera_id="277" level="0" path="0/d277.exr">
    <calibration type="frame">
      <resolution width="1920" height="1080"/>
      <f>1135.7274850202248</f>
      <cx>25.736719442971093</cx>
      <cy>-5.713996909165644</cy>
    </calibration>
  </depth_map>
  <depth_map camera_id="277" level="1" path="1/d277.exr">
    <calibration type="frame">
      <resolution width="960" height="540"/>
      <f>567.86374251011239</f>
      <cx>12.868359721485547</cx>
      <cy>-2.856998454582822</cy>
    </calibration>
  </depth_map>
  <depth_map camera_id="277" level="2" path="2/d277.exr">
    <calibration type="frame">
      <resolution width="480" height="270"/>
      <f>283.93187125505619</f>
      <cx>6.4341798607427734</cx>
      <cy>-1.428499227291411</cy>
    </calibration>
  </depth_map>
  <depth_map camera_id="278" level="0" path="0/d278.exr">
    <calibration type="frame">
      <resolution width="1920" height="1080"/>
      <f>1135.7274850202248</f>
      <cx>25.736719442971093</cx>
      <cy>-5.713996909165644</cy>
    </calibration>
  </depth_map>
  <depth_map camera_id="278" level="1" path="1/d278.exr">
    <calibration type="frame">
      <resolution width="960" height="540"/>
      <f>567.86374251011239</f>
      <cx>12.868359721485547</cx>
      <cy>-2.856998454582822</cy>
    </calibration>
  </depth_map>
  <depth_map camera_id="278" level="2" path="2/d278.exr">
    <calibration type="frame">
      <resolution width="480" height="270"/>
      <f>283.93187125505619</f>
      <cx>6.4341798607427734</cx>
      <cy>-1.428499227291411</cy>
    </calibration>
  </depth_map>
  <depth_map camera_id="285" level="0" path="0/d285.exr">
    <calibration type="frame">
      <resolution width="1920" height="1080"/>
      <f>1135.7274850202248</f>
      <cx>25.736719442971093</cx>
      <cy>-5.713996909165644</cy>
    </calibration>
  </depth_map>
  <depth_map camera_id="285" level="1" path="1/d285.exr">
    <calibration type="frame">
      <resolution width="960" height="540"/>
      <f>567.86374251011239</f>
      <cx>12.868359721485547</cx>
      <cy>-2.856998454582822</cy>
    </calibration>
  </depth_map>
  <depth_map camera_id="285" level="2" path="2/d285.exr">
    <calibration type="frame">
      <resolution width="480" height="270"/>
      <f>283.93187125505619</f>
      <cx>6.4341798607427734</cx>
      <cy>-1.428499227291411</cy>
    </calibration>
  </depth_map>
  <depth_map camera_id="286" level="0" path="0/d286.exr">
    <calibration type="frame">
      <resolution width="1920" height="1080"/>
      <f>1135.7274850202248</f>
      <cx>25.736719442971093</cx>
      <cy>-5.713996909165644</cy>
    </calibration>
  </depth_map>
  <depth_map camera_id="286" level="1" path="1/d286.exr">
    <calibration type="frame">
      <resolution width="960" height="540"/>
      <f>567.86374251011239</f>
      <cx>12.868359721485547</cx>
      <cy>-2.856998454582822</cy>
    </calibration>
  </depth_map>
  <depth_map camera_id="286" level="2" path="2/d286.exr">
    <calibration type="frame">
      <resolution width="480" height="270"/>
      <f>283.93187125505619</f>
      <cx>6.4341798607427734</cx>
      <cy>-1.428499227291411</cy>
    </calibration>
  </depth_map>
  <depth_map camera_id="287" level="0" path="0/d287.exr">
    <calibration type="frame">
      <resolution width="1920" height="1080"/>
      <f>1135.7274850202248</f>
      <cx>25.736719442971093</cx>
      <cy>-5.713996909165644</cy>
    </calibration>
  </depth_map>
  <depth_map camera_id="287" level="1" path="1/d287.exr">
    <calibration type="frame">
      <resolution width="960" height="540"/>
      <f>567.86374251011239</f>
      <cx>12.868359721485547</cx>
      <cy>-2.856998454582822</cy>
    </calibration>
  </depth_map>
  <depth_map camera_id="287" level="2" path="2/d287.exr">
    <calibration type="frame">
      <resolution width="480" height="270"/>
      <f>283.93187125505619</f>
      <cx>6.4341798607427734</cx>
      <cy>-1.428499227291411</cy>
    </calibration>
  </depth_map>
  <depth_map camera_id="294" level="0" path="0/d294.exr">
    <calibration type="frame">
      <resolution width="1920" height="1080"/>
      <f>1135.7274850202248</f>
      <cx>25.736719442971093</cx>
      <cy>-5.713996909165644</cy>
    </calibration>
  </depth_map>
  <depth_map camera_id="294" level="1" path="1/d294.exr">
    <calibration type="frame">
      <resolution width="960" height="540"/>
      <f>567.86374251011239</f>
      <cx>12.868359721485547</cx>
      <cy>-2.856998454582822</cy>
    </calibration>
  </depth_map>
  <depth_map camera_id="294" level="2" path="2/d294.exr">
    <calibration type="frame">
      <resolution width="480" height="270"/>
      <f>283.93187125505619</f>
      <cx>6.4341798607427734</cx>
      <cy>-1.428499227291411</cy>
    </calibration>
  </depth_map>
  <depth_map camera_id="295" level="0" path="0/d295.exr">
    <calibration type="frame">
      <resolution width="1920" height="1080"/>
      <f>1135.7274850202248</f>
      <cx>25.736719442971093</cx>
      <cy>-5.713996909165644</cy>
    </calibration>
  </depth_map>
  <depth_map camera_id="295" level="1" path="1/d295.exr">
    <calibration type="frame">
      <resolution width="960" height="540"/>
      <f>567.86374251011239</f>
      <cx>12.868359721485547</cx>
      <cy>-2.856998454582822</cy>
    </calibration>
  </depth_map>
  <depth_map camera_id="295" level="2" path="2/d295.exr">
    <calibration type="frame">
      <resolution width="480" height="270"/>
      <f>283.93187125505619</f>
      <cx>6.4341798607427734</cx>
      <cy>-1.428499227291411</cy>
    </calibration>
  </depth_map>
  <depth_map camera_id="296" level="0" path="0/d296.exr">
    <calibration type="frame">
      <resolution width="1920" height="1080"/>
      <f>1135.7274850202248</f>
      <cx>25.736719442971093</cx>
      <cy>-5.713996909165644</cy>
    </calibration>
  </depth_map>
  <depth_map camera_id="296" level="1" path="1/d296.exr">
    <calibration type="frame">
      <resolution width="960" height="540"/>
      <f>567.86374251011239</f>
      <cx>12.868359721485547</cx>
      <cy>-2.856998454582822</cy>
    </calibration>
  </depth_map>
  <depth_map camera_id="296" level="2" path="2/d296.exr">
    <calibration type="frame">
      <resolution width="480" height="270"/>
      <f>283.93187125505619</f>
      <cx>6.4341798607427734</cx>
      <cy>-1.428499227291411</cy>
    </calibration>
  </depth_map>
  <depth_map camera_id="303" level="0" path="0/d303.exr">
    <calibration type="frame">
      <resolution width="1920" height="1080"/>
      <f>1135.7274850202248</f>
      <cx>25.736719442971093</cx>
      <cy>-5.713996909165644</cy>
    </calibration>
  </depth_map>
  <depth_map camera_id="303" level="1" path="1/d303.exr">
    <calibration type="frame">
      <resolution width="960" height="540"/>
      <f>567.86374251011239</f>
      <cx>12.868359721485547</cx>
      <cy>-2.856998454582822</cy>
    </calibration>
  </depth_map>
  <depth_map camera_id="303" level="2" path="2/d303.exr">
    <calibration type="frame">
      <resolution width="480" height="270"/>
      <f>283.93187125505619</f>
      <cx>6.4341798607427734</cx>
      <cy>-1.428499227291411</cy>
    </calibration>
  </depth_map>
  <depth_map camera_id="304" level="0" path="0/d304.exr">
    <calibration type="frame">
      <resolution width="1920" height="1080"/>
      <f>1135.7274850202248</f>
      <cx>25.736719442971093</cx>
      <cy>-5.713996909165644</cy>
    </calibration>
  </depth_map>
  <depth_map camera_id="304" level="1" path="1/d304.exr">
    <calibration type="frame">
      <resolution width="960" height="540"/>
      <f>567.86374251011239</f>
      <cx>12.868359721485547</cx>
      <cy>-2.856998454582822</cy>
    </calibration>
  </depth_map>
  <depth_map camera_id="304" level="2" path="2/d304.exr">
    <calibration type="frame">
      <resolution width="480" height="270"/>
      <f>283.93187125505619</f>
      <cx>6.4341798607427734</cx>
      <cy>-1.428499227291411</cy>
    </calibration>
  </depth_map>
  <depth_map camera_id="305" level="0" path="0/d305.exr">
    <calibration type="frame">
      <resolution width="1920" height="1080"/>
      <f>1135.7274850202248</f>
      <cx>25.736719442971093</cx>
      <cy>-5.713996909165644</cy>
    </calibration>
  </depth_map>
  <depth_map camera_id="305" level="1" path="1/d305.exr">
    <calibration type="frame">
      <resolution width="960" height="540"/>
      <f>567.86374251011239</f>
      <cx>12.868359721485547</cx>
      <cy>-2.856998454582822</cy>
    </calibration>
  </depth_map>
  <depth_map camera_id="305" level="2" path="2/d305.exr">
    <calibration type="frame">
      <resolution width="480" height="270"/>
      <f>283.93187125505619</f>
      <cx>6.4341798607427734</cx>
      <cy>-1.428499227291411</cy>
    </calibration>
  </depth_map>
  <depth_map camera_id="312" level="0" path="0/d312.exr">
    <calibration type="frame">
      <resolution width="1920" height="1080"/>
      <f>1135.7274850202248</f>
      <cx>25.736719442971093</cx>
      <cy>-5.713996909165644</cy>
    </calibration>
  </depth_map>
  <depth_map camera_id="312" level="1" path="1/d312.exr">
    <calibration type="frame">
      <resolution width="960" height="540"/>
      <f>567.86374251011239</f>
      <cx>12.868359721485547</cx>
      <cy>-2.856998454582822</cy>
    </calibration>
  </depth_map>
  <depth_map camera_id="312" level="2" path="2/d312.exr">
    <calibration type="frame">
      <resolution width="480" height="270"/>
      <f>283.93187125505619</f>
      <cx>6.4341798607427734</cx>
      <cy>-1.428499227291411</cy>
    </calibration>
  </depth_map>
  <depth_map camera_id="313" level="0" path="0/d313.exr">
    <calibration type="frame">
      <resolution width="1920" height="1080"/>
      <f>1135.7274850202248</f>
      <cx>25.736719442971093</cx>
      <cy>-5.713996909165644</cy>
    </calibration>
  </depth_map>
  <depth_map camera_id="313" level="1" path="1/d313.exr">
    <calibration type="frame">
      <resolution width="960" height="540"/>
      <f>567.86374251011239</f>
      <cx>12.868359721485547</cx>
      <cy>-2.856998454582822</cy>
    </calibration>
  </depth_map>
  <depth_map camera_id="313" level="2" path="2/d313.exr">
    <calibration type="frame">
      <resolution width="480" height="270"/>
      <f>283.93187125505619</f>
      <cx>6.4341798607427734</cx>
      <cy>-1.428499227291411</cy>
    </calibration>
  </depth_map>
  <depth_map camera_id="314" level="0" path="0/d314.exr">
    <calibration type="frame">
      <resolution width="1920" height="1080"/>
      <f>1135.7274850202248</f>
      <cx>25.736719442971093</cx>
      <cy>-5.713996909165644</cy>
    </calibration>
  </depth_map>
  <depth_map camera_id="314" level="1" path="1/d314.exr">
    <calibration type="frame">
      <resolution width="960" height="540"/>
      <f>567.86374251011239</f>
      <cx>12.868359721485547</cx>
      <cy>-2.856998454582822</cy>
    </calibration>
  </depth_map>
  <depth_map camera_id="314" level="2" path="2/d314.exr">
    <calibration type="frame">
      <resolution width="480" height="270"/>
      <f>283.93187125505619</f>
      <cx>6.4341798607427734</cx>
      <cy>-1.428499227291411</cy>
    </calibration>
  </depth_map>
  <depth_map camera_id="321" level="0" path="0/d321.exr">
    <calibration type="frame">
      <resolution width="1920" height="1080"/>
      <f>1135.7274850202248</f>
      <cx>25.736719442971093</cx>
      <cy>-5.713996909165644</cy>
    </calibration>
  </depth_map>
  <depth_map camera_id="321" level="1" path="1/d321.exr">
    <calibration type="frame">
      <resolution width="960" height="540"/>
      <f>567.86374251011239</f>
      <cx>12.868359721485547</cx>
      <cy>-2.856998454582822</cy>
    </calibration>
  </depth_map>
  <depth_map camera_id="321" level="2" path="2/d321.exr">
    <calibration type="frame">
      <resolution width="480" height="270"/>
      <f>283.93187125505619</f>
      <cx>6.4341798607427734</cx>
      <cy>-1.428499227291411</cy>
    </calibration>
  </depth_map>
  <depth_map camera_id="322" level="0" path="0/d322.exr">
    <calibration type="frame">
      <resolution width="1920" height="1080"/>
      <f>1135.7274850202248</f>
      <cx>25.736719442971093</cx>
      <cy>-5.713996909165644</cy>
    </calibration>
  </depth_map>
  <depth_map camera_id="322" level="1" path="1/d322.exr">
    <calibration type="frame">
      <resolution width="960" height="540"/>
      <f>567.86374251011239</f>
      <cx>12.868359721485547</cx>
      <cy>-2.856998454582822</cy>
    </calibration>
  </depth_map>
  <depth_map camera_id="322" level="2" path="2/d322.exr">
    <calibration type="frame">
      <resolution width="480" height="270"/>
      <f>283.93187125505619</f>
      <cx>6.4341798607427734</cx>
      <cy>-1.428499227291411</cy>
    </calibration>
  </depth_map>
  <depth_map camera_id="323" level="0" path="0/d323.exr">
    <calibration type="frame">
      <resolution width="1920" height="1080"/>
      <f>1135.7274850202248</f>
      <cx>25.736719442971093</cx>
      <cy>-5.713996909165644</cy>
    </calibration>
  </depth_map>
  <depth_map camera_id="323" level="1" path="1/d323.exr">
    <calibration type="frame">
      <resolution width="960" height="540"/>
      <f>567.86374251011239</f>
      <cx>12.868359721485547</cx>
      <cy>-2.856998454582822</cy>
    </calibration>
  </depth_map>
  <depth_map camera_id="323" level="2" path="2/d323.exr">
    <calibration type="frame">
      <resolution width="480" height="270"/>
      <f>283.93187125505619</f>
      <cx>6.4341798607427734</cx>
      <cy>-1.428499227291411</cy>
    </calibration>
  </depth_map>
</depth_maps>
