<?xml version="1.0" encoding="UTF-8"?>
<depth_maps version="1.2.0">
  <blocks>
    <block path="data0.zip"/>
    <block path="data1.zip"/>
    <block path="data2.zip"/>
    <block path="data3.zip"/>
    <block path="data4.zip"/>
    <block path="data5.zip"/>
    <block path="data6.zip"/>
  </blocks>
  <meta>
    <property name="BuildDepthMaps/cameras" value=""/>
    <property name="BuildDepthMaps/downscale" value="2"/>
    <property name="BuildDepthMaps/duration" value="290.111"/>
    <property name="BuildDepthMaps/filter_mode" value="0"/>
    <property name="BuildDepthMaps/max_neighbors" value="16"/>
    <property name="BuildDepthMaps/max_workgroup_size" value="100"/>
    <property name="BuildDepthMaps/ram_used" value="1283026944"/>
    <property name="BuildDepthMaps/reuse_depth" value="false"/>
    <property name="BuildDepthMaps/subdivide_task" value="true"/>
    <property name="BuildDepthMaps/workitem_size_cameras" value="20"/>
    <property name="Info/LastSavedDateTime" value="2024:09:07 12:46:37"/>
    <property name="Info/LastSavedSoftwareVersion" value="2.1.2.18548"/>
    <property name="Info/OriginalDateTime" value="2024:09:07 12:40:46"/>
    <property name="Info/OriginalSoftwareVersion" value="2.1.2.18548"/>
  </meta>
</depth_maps>
