<?xml version="1.0" encoding="UTF-8"?>
<point_cloud version="1.2.0">
  <params>
    <dataType>uint8</dataType>
    <bands>
      <band label="Red"/>
      <band label="Green"/>
      <band label="Blue"/>
    </bands>
  </params>
  <tracks path="tracks.ply" count="86525"/>
  <points component_id="0" path="points0.ply" count="35434"/>
  <projections camera_id="0" path="p0.ply" count="680"/>
  <projections camera_id="1" path="p1.ply" count="782"/>
  <projections camera_id="2" path="p2.ply" count="590"/>
  <projections camera_id="3" path="p3.ply" count="611"/>
  <projections camera_id="4" path="p4.ply" count="353"/>
  <projections camera_id="5" path="p5.ply" count="497"/>
  <projections camera_id="6" path="p6.ply" count="702"/>
  <projections camera_id="7" path="p7.ply" count="949"/>
  <projections camera_id="8" path="p8.ply" count="750"/>
  <projections camera_id="9" path="p9.ply" count="662"/>
  <projections camera_id="10" path="p10.ply" count="873"/>
  <projections camera_id="11" path="p11.ply" count="724"/>
  <projections camera_id="12" path="p12.ply" count="629"/>
  <projections camera_id="13" path="p13.ply" count="580"/>
  <projections camera_id="14" path="p14.ply" count="464"/>
  <projections camera_id="15" path="p15.ply" count="706"/>
  <projections camera_id="16" path="p16.ply" count="792"/>
  <projections camera_id="17" path="p17.ply" count="623"/>
  <projections camera_id="18" path="p18.ply" count="766"/>
  <projections camera_id="19" path="p19.ply" count="841"/>
  <projections camera_id="20" path="p20.ply" count="977"/>
  <projections camera_id="21" path="p21.ply" count="642"/>
  <projections camera_id="22" path="p22.ply" count="707"/>
  <projections camera_id="23" path="p23.ply" count="532"/>
  <projections camera_id="24" path="p24.ply" count="652"/>
  <projections camera_id="25" path="p25.ply" count="813"/>
  <projections camera_id="26" path="p26.ply" count="728"/>
  <projections camera_id="27" path="p27.ply" count="848"/>
  <projections camera_id="28" path="p28.ply" count="1097"/>
  <projections camera_id="29" path="p29.ply" count="909"/>
  <projections camera_id="30" path="p30.ply" count="659"/>
  <projections camera_id="31" path="p31.ply" count="687"/>
  <projections camera_id="32" path="p32.ply" count="571"/>
  <projections camera_id="33" path="p33.ply" count="767"/>
  <projections camera_id="34" path="p34.ply" count="1006"/>
  <projections camera_id="35" path="p35.ply" count="836"/>
  <projections camera_id="36" path="p36.ply" count="767"/>
  <projections camera_id="37" path="p37.ply" count="897"/>
  <projections camera_id="38" path="p38.ply" count="726"/>
  <projections camera_id="39" path="p39.ply" count="790"/>
  <projections camera_id="40" path="p40.ply" count="435"/>
  <projections camera_id="41" path="p41.ply" count="602"/>
  <projections camera_id="42" path="p42.ply" count="796"/>
  <projections camera_id="43" path="p43.ply" count="999"/>
  <projections camera_id="44" path="p44.ply" count="859"/>
  <projections camera_id="45" path="p45.ply" count="749"/>
  <projections camera_id="46" path="p46.ply" count="896"/>
  <projections camera_id="47" path="p47.ply" count="832"/>
  <projections camera_id="48" path="p48.ply" count="696"/>
  <projections camera_id="49" path="p49.ply" count="626"/>
  <projections camera_id="50" path="p50.ply" count="523"/>
  <projections camera_id="51" path="p51.ply" count="712"/>
  <projections camera_id="52" path="p52.ply" count="940"/>
  <projections camera_id="53" path="p53.ply" count="808"/>
  <projections camera_id="54" path="p54.ply" count="354"/>
  <projections camera_id="55" path="p55.ply" count="734"/>
  <projections camera_id="56" path="p56.ply" count="787"/>
  <projections camera_id="57" path="p57.ply" count="677"/>
  <projections camera_id="58" path="p58.ply" count="509"/>
  <projections camera_id="59" path="p59.ply" count="623"/>
  <projections camera_id="60" path="p60.ply" count="655"/>
  <projections camera_id="61" path="p61.ply" count="802"/>
  <projections camera_id="62" path="p62.ply" count="729"/>
  <projections camera_id="63" path="p63.ply" count="746"/>
  <projections camera_id="64" path="p64.ply" count="756"/>
  <projections camera_id="65" path="p65.ply" count="706"/>
  <projections camera_id="66" path="p66.ply" count="674"/>
  <projections camera_id="67" path="p67.ply" count="518"/>
  <projections camera_id="68" path="p68.ply" count="458"/>
  <projections camera_id="69" path="p69.ply" count="602"/>
  <projections camera_id="70" path="p70.ply" count="680"/>
  <projections camera_id="71" path="p71.ply" count="766"/>
  <projections camera_id="72" path="p72.ply" count="764"/>
  <projections camera_id="73" path="p73.ply" count="975"/>
  <projections camera_id="74" path="p74.ply" count="801"/>
  <projections camera_id="75" path="p75.ply" count="470"/>
  <projections camera_id="76" path="p76.ply" count="524"/>
  <projections camera_id="77" path="p77.ply" count="536"/>
  <projections camera_id="78" path="p78.ply" count="482"/>
  <projections camera_id="79" path="p79.ply" count="617"/>
  <projections camera_id="80" path="p80.ply" count="568"/>
  <projections camera_id="81" path="p81.ply" count="665"/>
  <projections camera_id="82" path="p82.ply" count="867"/>
  <projections camera_id="83" path="p83.ply" count="762"/>
  <projections camera_id="84" path="p84.ply" count="708"/>
  <projections camera_id="85" path="p85.ply" count="601"/>
  <projections camera_id="86" path="p86.ply" count="429"/>
  <projections camera_id="87" path="p87.ply" count="605"/>
  <projections camera_id="88" path="p88.ply" count="812"/>
  <projections camera_id="89" path="p89.ply" count="707"/>
  <projections camera_id="90" path="p90.ply" count="849"/>
  <projections camera_id="91" path="p91.ply" count="816"/>
  <projections camera_id="92" path="p92.ply" count="575"/>
  <projections camera_id="93" path="p93.ply" count="931"/>
  <projections camera_id="94" path="p94.ply" count="457"/>
  <projections camera_id="95" path="p95.ply" count="415"/>
  <projections camera_id="96" path="p96.ply" count="640"/>
  <projections camera_id="97" path="p97.ply" count="897"/>
  <projections camera_id="98" path="p98.ply" count="692"/>
  <projections camera_id="99" path="p99.ply" count="635"/>
  <projections camera_id="100" path="p100.ply" count="780"/>
  <projections camera_id="101" path="p101.ply" count="728"/>
  <projections camera_id="102" path="p102.ply" count="594"/>
  <projections camera_id="103" path="p103.ply" count="583"/>
  <projections camera_id="104" path="p104.ply" count="442"/>
  <projections camera_id="105" path="p105.ply" count="642"/>
  <projections camera_id="106" path="p106.ply" count="838"/>
  <projections camera_id="107" path="p107.ply" count="868"/>
  <projections camera_id="108" path="p108.ply" count="656"/>
  <projections camera_id="109" path="p109.ply" count="880"/>
  <projections camera_id="110" path="p110.ply" count="807"/>
  <projections camera_id="111" path="p111.ply" count="519"/>
  <projections camera_id="112" path="p112.ply" count="564"/>
  <projections camera_id="113" path="p113.ply" count="513"/>
  <projections camera_id="114" path="p114.ply" count="766"/>
  <projections camera_id="115" path="p115.ply" count="888"/>
  <projections camera_id="116" path="p116.ply" count="772"/>
  <projections camera_id="117" path="p117.ply" count="671"/>
  <projections camera_id="118" path="p118.ply" count="946"/>
  <projections camera_id="119" path="p119.ply" count="782"/>
  <projections camera_id="120" path="p120.ply" count="652"/>
  <projections camera_id="121" path="p121.ply" count="648"/>
  <projections camera_id="122" path="p122.ply" count="542"/>
  <projections camera_id="123" path="p123.ply" count="673"/>
  <projections camera_id="124" path="p124.ply" count="915"/>
  <projections camera_id="125" path="p125.ply" count="946"/>
  <projections camera_id="126" path="p126.ply" count="790"/>
  <projections camera_id="127" path="p127.ply" count="948"/>
  <projections camera_id="128" path="p128.ply" count="743"/>
  <projections camera_id="129" path="p129.ply" count="748"/>
  <projections camera_id="130" path="p130.ply" count="655"/>
  <projections camera_id="131" path="p131.ply" count="655"/>
  <projections camera_id="132" path="p132.ply" count="778"/>
  <projections camera_id="133" path="p133.ply" count="898"/>
  <projections camera_id="134" path="p134.ply" count="896"/>
  <projections camera_id="135" path="p135.ply" count="801"/>
  <projections camera_id="136" path="p136.ply" count="944"/>
  <projections camera_id="137" path="p137.ply" count="839"/>
  <projections camera_id="138" path="p138.ply" count="655"/>
  <projections camera_id="139" path="p139.ply" count="637"/>
  <projections camera_id="140" path="p140.ply" count="550"/>
  <projections camera_id="141" path="p141.ply" count="720"/>
  <projections camera_id="142" path="p142.ply" count="898"/>
  <projections camera_id="143" path="p143.ply" count="579"/>
  <projections camera_id="144" path="p144.ply" count="611"/>
  <projections camera_id="145" path="p145.ply" count="877"/>
  <projections camera_id="146" path="p146.ply" count="558"/>
  <projections camera_id="147" path="p147.ply" count="728"/>
  <projections camera_id="148" path="p148.ply" count="492"/>
  <projections camera_id="149" path="p149.ply" count="394"/>
  <projections camera_id="150" path="p150.ply" count="730"/>
  <projections camera_id="151" path="p151.ply" count="896"/>
  <projections camera_id="152" path="p152.ply" count="721"/>
  <projections camera_id="153" path="p153.ply" count="579"/>
  <projections camera_id="154" path="p154.ply" count="643"/>
  <projections camera_id="155" path="p155.ply" count="667"/>
  <projections camera_id="156" path="p156.ply" count="644"/>
  <projections camera_id="157" path="p157.ply" count="542"/>
  <projections camera_id="158" path="p158.ply" count="450"/>
  <projections camera_id="159" path="p159.ply" count="773"/>
  <projections camera_id="160" path="p160.ply" count="932"/>
  <projections camera_id="161" path="p161.ply" count="794"/>
  <projections camera_id="162" path="p162.ply" count="812"/>
  <projections camera_id="163" path="p163.ply" count="878"/>
  <projections camera_id="164" path="p164.ply" count="770"/>
  <projections camera_id="165" path="p165.ply" count="614"/>
  <projections camera_id="166" path="p166.ply" count="484"/>
  <projections camera_id="167" path="p167.ply" count="437"/>
  <projections camera_id="168" path="p168.ply" count="796"/>
  <projections camera_id="169" path="p169.ply" count="927"/>
  <projections camera_id="170" path="p170.ply" count="924"/>
  <projections camera_id="171" path="p171.ply" count="680"/>
  <projections camera_id="172" path="p172.ply" count="843"/>
  <projections camera_id="173" path="p173.ply" count="668"/>
  <projections camera_id="174" path="p174.ply" count="561"/>
  <projections camera_id="175" path="p175.ply" count="510"/>
  <projections camera_id="176" path="p176.ply" count="555"/>
  <projections camera_id="177" path="p177.ply" count="757"/>
  <projections camera_id="178" path="p178.ply" count="994"/>
  <projections camera_id="179" path="p179.ply" count="877"/>
  <projections camera_id="180" path="p180.ply" count="777"/>
  <projections camera_id="181" path="p181.ply" count="932"/>
  <projections camera_id="182" path="p182.ply" count="655"/>
  <projections camera_id="183" path="p183.ply" count="443"/>
  <projections camera_id="184" path="p184.ply" count="421"/>
  <projections camera_id="185" path="p185.ply" count="479"/>
  <projections camera_id="186" path="p186.ply" count="843"/>
  <projections camera_id="187" path="p187.ply" count="1102"/>
  <projections camera_id="188" path="p188.ply" count="992"/>
  <projections camera_id="189" path="p189.ply" count="578"/>
  <projections camera_id="190" path="p190.ply" count="802"/>
  <projections camera_id="191" path="p191.ply" count="872"/>
  <projections camera_id="192" path="p192.ply" count="466"/>
  <projections camera_id="193" path="p193.ply" count="635"/>
  <projections camera_id="194" path="p194.ply" count="582"/>
  <projections camera_id="195" path="p195.ply" count="954"/>
  <projections camera_id="196" path="p196.ply" count="1150"/>
  <projections camera_id="197" path="p197.ply" count="1085"/>
  <projections camera_id="198" path="p198.ply" count="739"/>
  <projections camera_id="199" path="p199.ply" count="821"/>
  <projections camera_id="200" path="p200.ply" count="755"/>
  <projections camera_id="201" path="p201.ply" count="584"/>
  <projections camera_id="202" path="p202.ply" count="568"/>
  <projections camera_id="203" path="p203.ply" count="640"/>
  <projections camera_id="204" path="p204.ply" count="1007"/>
  <projections camera_id="205" path="p205.ply" count="1113"/>
  <projections camera_id="206" path="p206.ply" count="797"/>
  <projections camera_id="207" path="p207.ply" count="308"/>
  <projections camera_id="208" path="p208.ply" count="780"/>
  <projections camera_id="209" path="p209.ply" count="892"/>
  <projections camera_id="210" path="p210.ply" count="503"/>
  <projections camera_id="211" path="p211.ply" count="760"/>
  <projections camera_id="212" path="p212.ply" count="658"/>
  <projections camera_id="213" path="p213.ply" count="877"/>
  <projections camera_id="214" path="p214.ply" count="1045"/>
  <projections camera_id="215" path="p215.ply" count="834"/>
  <projections camera_id="216" path="p216.ply" count="624"/>
  <projections camera_id="217" path="p217.ply" count="777"/>
  <projections camera_id="218" path="p218.ply" count="551"/>
  <projections camera_id="219" path="p219.ply" count="497"/>
  <projections camera_id="220" path="p220.ply" count="476"/>
  <projections camera_id="221" path="p221.ply" count="524"/>
  <projections camera_id="222" path="p222.ply" count="734"/>
  <projections camera_id="223" path="p223.ply" count="1049"/>
  <projections camera_id="224" path="p224.ply" count="749"/>
  <projections camera_id="225" path="p225.ply" count="639"/>
  <projections camera_id="226" path="p226.ply" count="787"/>
  <projections camera_id="227" path="p227.ply" count="640"/>
  <projections camera_id="228" path="p228.ply" count="567"/>
  <projections camera_id="229" path="p229.ply" count="608"/>
  <projections camera_id="230" path="p230.ply" count="364"/>
  <projections camera_id="231" path="p231.ply" count="750"/>
  <projections camera_id="232" path="p232.ply" count="912"/>
  <projections camera_id="233" path="p233.ply" count="757"/>
  <projections camera_id="234" path="p234.ply" count="765"/>
  <projections camera_id="235" path="p235.ply" count="816"/>
  <projections camera_id="236" path="p236.ply" count="736"/>
  <projections camera_id="237" path="p237.ply" count="477"/>
  <projections camera_id="238" path="p238.ply" count="530"/>
  <projections camera_id="239" path="p239.ply" count="498"/>
  <projections camera_id="240" path="p240.ply" count="784"/>
  <projections camera_id="241" path="p241.ply" count="863"/>
  <projections camera_id="242" path="p242.ply" count="804"/>
  <projections camera_id="243" path="p243.ply" count="671"/>
  <projections camera_id="244" path="p244.ply" count="605"/>
  <projections camera_id="245" path="p245.ply" count="722"/>
  <projections camera_id="246" path="p246.ply" count="511"/>
  <projections camera_id="247" path="p247.ply" count="387"/>
  <projections camera_id="248" path="p248.ply" count="461"/>
  <projections camera_id="249" path="p249.ply" count="764"/>
  <projections camera_id="250" path="p250.ply" count="904"/>
  <projections camera_id="251" path="p251.ply" count="795"/>
  <projections camera_id="252" path="p252.ply" count="542"/>
  <projections camera_id="253" path="p253.ply" count="758"/>
  <projections camera_id="254" path="p254.ply" count="745"/>
  <projections camera_id="255" path="p255.ply" count="554"/>
  <projections camera_id="256" path="p256.ply" count="659"/>
  <projections camera_id="257" path="p257.ply" count="584"/>
  <projections camera_id="258" path="p258.ply" count="720"/>
  <projections camera_id="259" path="p259.ply" count="986"/>
  <projections camera_id="260" path="p260.ply" count="886"/>
  <projections camera_id="261" path="p261.ply" count="647"/>
  <projections camera_id="262" path="p262.ply" count="642"/>
  <projections camera_id="263" path="p263.ply" count="676"/>
  <projections camera_id="264" path="p264.ply" count="711"/>
  <projections camera_id="265" path="p265.ply" count="454"/>
  <projections camera_id="266" path="p266.ply" count="524"/>
  <projections camera_id="267" path="p267.ply" count="655"/>
  <projections camera_id="268" path="p268.ply" count="857"/>
  <projections camera_id="269" path="p269.ply" count="789"/>
  <projections camera_id="270" path="p270.ply" count="769"/>
  <projections camera_id="271" path="p271.ply" count="806"/>
  <projections camera_id="272" path="p272.ply" count="740"/>
  <projections camera_id="273" path="p273.ply" count="726"/>
  <projections camera_id="274" path="p274.ply" count="655"/>
  <projections camera_id="275" path="p275.ply" count="408"/>
  <projections camera_id="276" path="p276.ply" count="709"/>
  <projections camera_id="277" path="p277.ply" count="906"/>
  <projections camera_id="278" path="p278.ply" count="762"/>
  <projections camera_id="279" path="p279.ply" count="696"/>
  <projections camera_id="280" path="p280.ply" count="745"/>
  <projections camera_id="281" path="p281.ply" count="708"/>
  <projections camera_id="282" path="p282.ply" count="791"/>
  <projections camera_id="283" path="p283.ply" count="547"/>
  <projections camera_id="284" path="p284.ply" count="561"/>
  <projections camera_id="285" path="p285.ply" count="804"/>
  <projections camera_id="286" path="p286.ply" count="985"/>
  <projections camera_id="287" path="p287.ply" count="949"/>
  <projections camera_id="288" path="p288.ply" count="648"/>
  <projections camera_id="289" path="p289.ply" count="849"/>
  <projections camera_id="290" path="p290.ply" count="782"/>
  <projections camera_id="291" path="p291.ply" count="574"/>
  <projections camera_id="292" path="p292.ply" count="639"/>
  <projections camera_id="293" path="p293.ply" count="663"/>
  <projections camera_id="294" path="p294.ply" count="819"/>
  <projections camera_id="295" path="p295.ply" count="927"/>
  <projections camera_id="296" path="p296.ply" count="799"/>
  <projections camera_id="297" path="p297.ply" count="648"/>
  <projections camera_id="298" path="p298.ply" count="797"/>
  <projections camera_id="299" path="p299.ply" count="786"/>
  <projections camera_id="300" path="p300.ply" count="977"/>
  <projections camera_id="301" path="p301.ply" count="525"/>
  <projections camera_id="302" path="p302.ply" count="585"/>
  <projections camera_id="303" path="p303.ply" count="673"/>
  <projections camera_id="304" path="p304.ply" count="883"/>
  <projections camera_id="305" path="p305.ply" count="732"/>
  <projections camera_id="306" path="p306.ply" count="651"/>
  <projections camera_id="307" path="p307.ply" count="787"/>
  <projections camera_id="308" path="p308.ply" count="673"/>
  <projections camera_id="309" path="p309.ply" count="676"/>
  <projections camera_id="310" path="p310.ply" count="703"/>
  <projections camera_id="311" path="p311.ply" count="659"/>
  <projections camera_id="312" path="p312.ply" count="722"/>
  <projections camera_id="313" path="p313.ply" count="916"/>
  <projections camera_id="314" path="p314.ply" count="730"/>
  <projections camera_id="315" path="p315.ply" count="633"/>
  <projections camera_id="316" path="p316.ply" count="808"/>
  <projections camera_id="317" path="p317.ply" count="706"/>
  <projections camera_id="318" path="p318.ply" count="556"/>
  <projections camera_id="319" path="p319.ply" count="603"/>
  <projections camera_id="320" path="p320.ply" count="479"/>
  <projections camera_id="321" path="p321.ply" count="685"/>
  <projections camera_id="322" path="p322.ply" count="926"/>
  <projections camera_id="323" path="p323.ply" count="729"/>
  <meta>
    <property name="Info/LastSavedDateTime" value="2024:09:07 12:24:00"/>
    <property name="Info/LastSavedSoftwareVersion" value="2.1.2.18548"/>
    <property name="Info/OriginalDateTime" value="2024:09:07 12:12:32"/>
    <property name="Info/OriginalSoftwareVersion" value="2.1.2.18548"/>
    <property name="MatchPhotos/cameras" value=""/>
    <property name="MatchPhotos/descriptor_type" value="binary"/>
    <property name="MatchPhotos/descriptor_version" value="1.1.0"/>
    <property name="MatchPhotos/downscale" value="1"/>
    <property name="MatchPhotos/downscale_3d" value="1"/>
    <property name="MatchPhotos/duration" value="134.47"/>
    <property name="MatchPhotos/filter_stationary_points" value="true"/>
    <property name="MatchPhotos/generic_preselection" value="true"/>
    <property name="MatchPhotos/guided_matching" value="false"/>
    <property name="MatchPhotos/keep_keypoints" value="false"/>
    <property name="MatchPhotos/keypoint_limit" value="40000"/>
    <property name="MatchPhotos/keypoint_limit_3d" value="100000"/>
    <property name="MatchPhotos/keypoint_limit_per_mpx" value="1000"/>
    <property name="MatchPhotos/laser_scans_vertical_axis" value="0"/>
    <property name="MatchPhotos/match_laser_scans" value="false"/>
    <property name="MatchPhotos/max_workgroup_size" value="100"/>
    <property name="MatchPhotos/ram_used" value="409661440"/>
    <property name="MatchPhotos/reference_preselection" value="true"/>
    <property name="MatchPhotos/reference_preselection_mode" value="0"/>
    <property name="MatchPhotos/reset_matches" value="false"/>
    <property name="MatchPhotos/subdivide_task" value="true"/>
    <property name="MatchPhotos/tiepoint_limit" value="40000"/>
    <property name="MatchPhotos/workitem_size_cameras" value="20"/>
    <property name="MatchPhotos/workitem_size_pairs" value="80"/>
  </meta>
</point_cloud>
