<?xml version="1.0" encoding="UTF-8"?>
<depth_maps version="1.5.0">
  <depth_map camera_id="82" level="0" path="0/d82.exr">
    <calibration type="frame">
      <resolution width="1920" height="1080"/>
      <f>1135.7274850202248</f>
      <cx>25.736719442971093</cx>
      <cy>-5.713996909165644</cy>
    </calibration>
  </depth_map>
  <depth_map camera_id="82" level="1" path="1/d82.exr">
    <calibration type="frame">
      <resolution width="960" height="540"/>
      <f>567.86374251011239</f>
      <cx>12.868359721485547</cx>
      <cy>-2.856998454582822</cy>
    </calibration>
  </depth_map>
  <depth_map camera_id="82" level="2" path="2/d82.exr">
    <calibration type="frame">
      <resolution width="480" height="270"/>
      <f>283.93187125505619</f>
      <cx>6.4341798607427734</cx>
      <cy>-1.428499227291411</cy>
    </calibration>
  </depth_map>
  <depth_map camera_id="83" level="0" path="0/d83.exr">
    <calibration type="frame">
      <resolution width="1920" height="1080"/>
      <f>1135.7274850202248</f>
      <cx>25.736719442971093</cx>
      <cy>-5.713996909165644</cy>
    </calibration>
  </depth_map>
  <depth_map camera_id="83" level="1" path="1/d83.exr">
    <calibration type="frame">
      <resolution width="960" height="540"/>
      <f>567.86374251011239</f>
      <cx>12.868359721485547</cx>
      <cy>-2.856998454582822</cy>
    </calibration>
  </depth_map>
  <depth_map camera_id="83" level="2" path="2/d83.exr">
    <calibration type="frame">
      <resolution width="480" height="270"/>
      <f>283.93187125505619</f>
      <cx>6.4341798607427734</cx>
      <cy>-1.428499227291411</cy>
    </calibration>
  </depth_map>
  <depth_map camera_id="84" level="0" path="0/d84.exr">
    <calibration type="frame">
      <resolution width="1920" height="1080"/>
      <f>1135.7274850202248</f>
      <cx>25.736719442971093</cx>
      <cy>-5.713996909165644</cy>
    </calibration>
  </depth_map>
  <depth_map camera_id="84" level="1" path="1/d84.exr">
    <calibration type="frame">
      <resolution width="960" height="540"/>
      <f>567.86374251011239</f>
      <cx>12.868359721485547</cx>
      <cy>-2.856998454582822</cy>
    </calibration>
  </depth_map>
  <depth_map camera_id="84" level="2" path="2/d84.exr">
    <calibration type="frame">
      <resolution width="480" height="270"/>
      <f>283.93187125505619</f>
      <cx>6.4341798607427734</cx>
      <cy>-1.428499227291411</cy>
    </calibration>
  </depth_map>
  <depth_map camera_id="85" level="0" path="0/d85.exr">
    <calibration type="frame">
      <resolution width="1920" height="1080"/>
      <f>1135.7274850202248</f>
      <cx>25.736719442971093</cx>
      <cy>-5.713996909165644</cy>
    </calibration>
  </depth_map>
  <depth_map camera_id="85" level="1" path="1/d85.exr">
    <calibration type="frame">
      <resolution width="960" height="540"/>
      <f>567.86374251011239</f>
      <cx>12.868359721485547</cx>
      <cy>-2.856998454582822</cy>
    </calibration>
  </depth_map>
  <depth_map camera_id="85" level="2" path="2/d85.exr">
    <calibration type="frame">
      <resolution width="480" height="270"/>
      <f>283.93187125505619</f>
      <cx>6.4341798607427734</cx>
      <cy>-1.428499227291411</cy>
    </calibration>
  </depth_map>
  <depth_map camera_id="86" level="0" path="0/d86.exr">
    <calibration type="frame">
      <resolution width="1920" height="1080"/>
      <f>1135.7274850202248</f>
      <cx>25.736719442971093</cx>
      <cy>-5.713996909165644</cy>
    </calibration>
  </depth_map>
  <depth_map camera_id="86" level="1" path="1/d86.exr">
    <calibration type="frame">
      <resolution width="960" height="540"/>
      <f>567.86374251011239</f>
      <cx>12.868359721485547</cx>
      <cy>-2.856998454582822</cy>
    </calibration>
  </depth_map>
  <depth_map camera_id="86" level="2" path="2/d86.exr">
    <calibration type="frame">
      <resolution width="480" height="270"/>
      <f>283.93187125505619</f>
      <cx>6.4341798607427734</cx>
      <cy>-1.428499227291411</cy>
    </calibration>
  </depth_map>
  <depth_map camera_id="90" level="0" path="0/d90.exr">
    <calibration type="frame">
      <resolution width="1920" height="1080"/>
      <f>1135.7274850202248</f>
      <cx>25.736719442971093</cx>
      <cy>-5.713996909165644</cy>
    </calibration>
  </depth_map>
  <depth_map camera_id="90" level="1" path="1/d90.exr">
    <calibration type="frame">
      <resolution width="960" height="540"/>
      <f>567.86374251011239</f>
      <cx>12.868359721485547</cx>
      <cy>-2.856998454582822</cy>
    </calibration>
  </depth_map>
  <depth_map camera_id="90" level="2" path="2/d90.exr">
    <calibration type="frame">
      <resolution width="480" height="270"/>
      <f>283.93187125505619</f>
      <cx>6.4341798607427734</cx>
      <cy>-1.428499227291411</cy>
    </calibration>
  </depth_map>
  <depth_map camera_id="91" level="0" path="0/d91.exr">
    <calibration type="frame">
      <resolution width="1920" height="1080"/>
      <f>1135.7274850202248</f>
      <cx>25.736719442971093</cx>
      <cy>-5.713996909165644</cy>
    </calibration>
  </depth_map>
  <depth_map camera_id="91" level="1" path="1/d91.exr">
    <calibration type="frame">
      <resolution width="960" height="540"/>
      <f>567.86374251011239</f>
      <cx>12.868359721485547</cx>
      <cy>-2.856998454582822</cy>
    </calibration>
  </depth_map>
  <depth_map camera_id="91" level="2" path="2/d91.exr">
    <calibration type="frame">
      <resolution width="480" height="270"/>
      <f>283.93187125505619</f>
      <cx>6.4341798607427734</cx>
      <cy>-1.428499227291411</cy>
    </calibration>
  </depth_map>
  <depth_map camera_id="92" level="0" path="0/d92.exr">
    <calibration type="frame">
      <resolution width="1920" height="1080"/>
      <f>1135.7274850202248</f>
      <cx>25.736719442971093</cx>
      <cy>-5.713996909165644</cy>
    </calibration>
  </depth_map>
  <depth_map camera_id="92" level="1" path="1/d92.exr">
    <calibration type="frame">
      <resolution width="960" height="540"/>
      <f>567.86374251011239</f>
      <cx>12.868359721485547</cx>
      <cy>-2.856998454582822</cy>
    </calibration>
  </depth_map>
  <depth_map camera_id="92" level="2" path="2/d92.exr">
    <calibration type="frame">
      <resolution width="480" height="270"/>
      <f>283.93187125505619</f>
      <cx>6.4341798607427734</cx>
      <cy>-1.428499227291411</cy>
    </calibration>
  </depth_map>
  <depth_map camera_id="93" level="0" path="0/d93.exr">
    <calibration type="frame">
      <resolution width="1920" height="1080"/>
      <f>1135.7274850202248</f>
      <cx>25.736719442971093</cx>
      <cy>-5.713996909165644</cy>
    </calibration>
  </depth_map>
  <depth_map camera_id="93" level="1" path="1/d93.exr">
    <calibration type="frame">
      <resolution width="960" height="540"/>
      <f>567.86374251011239</f>
      <cx>12.868359721485547</cx>
      <cy>-2.856998454582822</cy>
    </calibration>
  </depth_map>
  <depth_map camera_id="93" level="2" path="2/d93.exr">
    <calibration type="frame">
      <resolution width="480" height="270"/>
      <f>283.93187125505619</f>
      <cx>6.4341798607427734</cx>
      <cy>-1.428499227291411</cy>
    </calibration>
  </depth_map>
  <depth_map camera_id="94" level="0" path="0/d94.exr">
    <calibration type="frame">
      <resolution width="1920" height="1080"/>
      <f>1135.7274850202248</f>
      <cx>25.736719442971093</cx>
      <cy>-5.713996909165644</cy>
    </calibration>
  </depth_map>
  <depth_map camera_id="94" level="1" path="1/d94.exr">
    <calibration type="frame">
      <resolution width="960" height="540"/>
      <f>567.86374251011239</f>
      <cx>12.868359721485547</cx>
      <cy>-2.856998454582822</cy>
    </calibration>
  </depth_map>
  <depth_map camera_id="94" level="2" path="2/d94.exr">
    <calibration type="frame">
      <resolution width="480" height="270"/>
      <f>283.93187125505619</f>
      <cx>6.4341798607427734</cx>
      <cy>-1.428499227291411</cy>
    </calibration>
  </depth_map>
  <depth_map camera_id="95" level="0" path="0/d95.exr">
    <calibration type="frame">
      <resolution width="1920" height="1080"/>
      <f>1135.7274850202248</f>
      <cx>25.736719442971093</cx>
      <cy>-5.713996909165644</cy>
    </calibration>
  </depth_map>
  <depth_map camera_id="95" level="1" path="1/d95.exr">
    <calibration type="frame">
      <resolution width="960" height="540"/>
      <f>567.86374251011239</f>
      <cx>12.868359721485547</cx>
      <cy>-2.856998454582822</cy>
    </calibration>
  </depth_map>
  <depth_map camera_id="95" level="2" path="2/d95.exr">
    <calibration type="frame">
      <resolution width="480" height="270"/>
      <f>283.93187125505619</f>
      <cx>6.4341798607427734</cx>
      <cy>-1.428499227291411</cy>
    </calibration>
  </depth_map>
  <depth_map camera_id="99" level="0" path="0/d99.exr">
    <calibration type="frame">
      <resolution width="1920" height="1080"/>
      <f>1135.7274850202248</f>
      <cx>25.736719442971093</cx>
      <cy>-5.713996909165644</cy>
    </calibration>
  </depth_map>
  <depth_map camera_id="99" level="1" path="1/d99.exr">
    <calibration type="frame">
      <resolution width="960" height="540"/>
      <f>567.86374251011239</f>
      <cx>12.868359721485547</cx>
      <cy>-2.856998454582822</cy>
    </calibration>
  </depth_map>
  <depth_map camera_id="99" level="2" path="2/d99.exr">
    <calibration type="frame">
      <resolution width="480" height="270"/>
      <f>283.93187125505619</f>
      <cx>6.4341798607427734</cx>
      <cy>-1.428499227291411</cy>
    </calibration>
  </depth_map>
  <depth_map camera_id="100" level="0" path="0/d100.exr">
    <calibration type="frame">
      <resolution width="1920" height="1080"/>
      <f>1135.7274850202248</f>
      <cx>25.736719442971093</cx>
      <cy>-5.713996909165644</cy>
    </calibration>
  </depth_map>
  <depth_map camera_id="100" level="1" path="1/d100.exr">
    <calibration type="frame">
      <resolution width="960" height="540"/>
      <f>567.86374251011239</f>
      <cx>12.868359721485547</cx>
      <cy>-2.856998454582822</cy>
    </calibration>
  </depth_map>
  <depth_map camera_id="100" level="2" path="2/d100.exr">
    <calibration type="frame">
      <resolution width="480" height="270"/>
      <f>283.93187125505619</f>
      <cx>6.4341798607427734</cx>
      <cy>-1.428499227291411</cy>
    </calibration>
  </depth_map>
  <depth_map camera_id="101" level="0" path="0/d101.exr">
    <calibration type="frame">
      <resolution width="1920" height="1080"/>
      <f>1135.7274850202248</f>
      <cx>25.736719442971093</cx>
      <cy>-5.713996909165644</cy>
    </calibration>
  </depth_map>
  <depth_map camera_id="101" level="1" path="1/d101.exr">
    <calibration type="frame">
      <resolution width="960" height="540"/>
      <f>567.86374251011239</f>
      <cx>12.868359721485547</cx>
      <cy>-2.856998454582822</cy>
    </calibration>
  </depth_map>
  <depth_map camera_id="101" level="2" path="2/d101.exr">
    <calibration type="frame">
      <resolution width="480" height="270"/>
      <f>283.93187125505619</f>
      <cx>6.4341798607427734</cx>
      <cy>-1.428499227291411</cy>
    </calibration>
  </depth_map>
  <depth_map camera_id="102" level="0" path="0/d102.exr">
    <calibration type="frame">
      <resolution width="1920" height="1080"/>
      <f>1135.7274850202248</f>
      <cx>25.736719442971093</cx>
      <cy>-5.713996909165644</cy>
    </calibration>
  </depth_map>
  <depth_map camera_id="102" level="1" path="1/d102.exr">
    <calibration type="frame">
      <resolution width="960" height="540"/>
      <f>567.86374251011239</f>
      <cx>12.868359721485547</cx>
      <cy>-2.856998454582822</cy>
    </calibration>
  </depth_map>
  <depth_map camera_id="102" level="2" path="2/d102.exr">
    <calibration type="frame">
      <resolution width="480" height="270"/>
      <f>283.93187125505619</f>
      <cx>6.4341798607427734</cx>
      <cy>-1.428499227291411</cy>
    </calibration>
  </depth_map>
  <depth_map camera_id="103" level="0" path="0/d103.exr">
    <calibration type="frame">
      <resolution width="1920" height="1080"/>
      <f>1135.7274850202248</f>
      <cx>25.736719442971093</cx>
      <cy>-5.713996909165644</cy>
    </calibration>
  </depth_map>
  <depth_map camera_id="103" level="1" path="1/d103.exr">
    <calibration type="frame">
      <resolution width="960" height="540"/>
      <f>567.86374251011239</f>
      <cx>12.868359721485547</cx>
      <cy>-2.856998454582822</cy>
    </calibration>
  </depth_map>
  <depth_map camera_id="103" level="2" path="2/d103.exr">
    <calibration type="frame">
      <resolution width="480" height="270"/>
      <f>283.93187125505619</f>
      <cx>6.4341798607427734</cx>
      <cy>-1.428499227291411</cy>
    </calibration>
  </depth_map>
  <depth_map camera_id="104" level="0" path="0/d104.exr">
    <calibration type="frame">
      <resolution width="1920" height="1080"/>
      <f>1135.7274850202248</f>
      <cx>25.736719442971093</cx>
      <cy>-5.713996909165644</cy>
    </calibration>
  </depth_map>
  <depth_map camera_id="104" level="1" path="1/d104.exr">
    <calibration type="frame">
      <resolution width="960" height="540"/>
      <f>567.86374251011239</f>
      <cx>12.868359721485547</cx>
      <cy>-2.856998454582822</cy>
    </calibration>
  </depth_map>
  <depth_map camera_id="104" level="2" path="2/d104.exr">
    <calibration type="frame">
      <resolution width="480" height="270"/>
      <f>283.93187125505619</f>
      <cx>6.4341798607427734</cx>
      <cy>-1.428499227291411</cy>
    </calibration>
  </depth_map>
  <depth_map camera_id="108" level="0" path="0/d108.exr">
    <calibration type="frame">
      <resolution width="1920" height="1080"/>
      <f>1135.7274850202248</f>
      <cx>25.736719442971093</cx>
      <cy>-5.713996909165644</cy>
    </calibration>
  </depth_map>
  <depth_map camera_id="108" level="1" path="1/d108.exr">
    <calibration type="frame">
      <resolution width="960" height="540"/>
      <f>567.86374251011239</f>
      <cx>12.868359721485547</cx>
      <cy>-2.856998454582822</cy>
    </calibration>
  </depth_map>
  <depth_map camera_id="108" level="2" path="2/d108.exr">
    <calibration type="frame">
      <resolution width="480" height="270"/>
      <f>283.93187125505619</f>
      <cx>6.4341798607427734</cx>
      <cy>-1.428499227291411</cy>
    </calibration>
  </depth_map>
  <depth_map camera_id="109" level="0" path="0/d109.exr">
    <calibration type="frame">
      <resolution width="1920" height="1080"/>
      <f>1135.7274850202248</f>
      <cx>25.736719442971093</cx>
      <cy>-5.713996909165644</cy>
    </calibration>
  </depth_map>
  <depth_map camera_id="109" level="1" path="1/d109.exr">
    <calibration type="frame">
      <resolution width="960" height="540"/>
      <f>567.86374251011239</f>
      <cx>12.868359721485547</cx>
      <cy>-2.856998454582822</cy>
    </calibration>
  </depth_map>
  <depth_map camera_id="109" level="2" path="2/d109.exr">
    <calibration type="frame">
      <resolution width="480" height="270"/>
      <f>283.93187125505619</f>
      <cx>6.4341798607427734</cx>
      <cy>-1.428499227291411</cy>
    </calibration>
  </depth_map>
  <depth_map camera_id="110" level="0" path="0/d110.exr">
    <calibration type="frame">
      <resolution width="1920" height="1080"/>
      <f>1135.7274850202248</f>
      <cx>25.736719442971093</cx>
      <cy>-5.713996909165644</cy>
    </calibration>
  </depth_map>
  <depth_map camera_id="110" level="1" path="1/d110.exr">
    <calibration type="frame">
      <resolution width="960" height="540"/>
      <f>567.86374251011239</f>
      <cx>12.868359721485547</cx>
      <cy>-2.856998454582822</cy>
    </calibration>
  </depth_map>
  <depth_map camera_id="110" level="2" path="2/d110.exr">
    <calibration type="frame">
      <resolution width="480" height="270"/>
      <f>283.93187125505619</f>
      <cx>6.4341798607427734</cx>
      <cy>-1.428499227291411</cy>
    </calibration>
  </depth_map>
  <depth_map camera_id="111" level="0" path="0/d111.exr">
    <calibration type="frame">
      <resolution width="1920" height="1080"/>
      <f>1135.7274850202248</f>
      <cx>25.736719442971093</cx>
      <cy>-5.713996909165644</cy>
    </calibration>
  </depth_map>
  <depth_map camera_id="111" level="1" path="1/d111.exr">
    <calibration type="frame">
      <resolution width="960" height="540"/>
      <f>567.86374251011239</f>
      <cx>12.868359721485547</cx>
      <cy>-2.856998454582822</cy>
    </calibration>
  </depth_map>
  <depth_map camera_id="111" level="2" path="2/d111.exr">
    <calibration type="frame">
      <resolution width="480" height="270"/>
      <f>283.93187125505619</f>
      <cx>6.4341798607427734</cx>
      <cy>-1.428499227291411</cy>
    </calibration>
  </depth_map>
  <depth_map camera_id="112" level="0" path="0/d112.exr">
    <calibration type="frame">
      <resolution width="1920" height="1080"/>
      <f>1135.7274850202248</f>
      <cx>25.736719442971093</cx>
      <cy>-5.713996909165644</cy>
    </calibration>
  </depth_map>
  <depth_map camera_id="112" level="1" path="1/d112.exr">
    <calibration type="frame">
      <resolution width="960" height="540"/>
      <f>567.86374251011239</f>
      <cx>12.868359721485547</cx>
      <cy>-2.856998454582822</cy>
    </calibration>
  </depth_map>
  <depth_map camera_id="112" level="2" path="2/d112.exr">
    <calibration type="frame">
      <resolution width="480" height="270"/>
      <f>283.93187125505619</f>
      <cx>6.4341798607427734</cx>
      <cy>-1.428499227291411</cy>
    </calibration>
  </depth_map>
  <depth_map camera_id="113" level="0" path="0/d113.exr">
    <calibration type="frame">
      <resolution width="1920" height="1080"/>
      <f>1135.7274850202248</f>
      <cx>25.736719442971093</cx>
      <cy>-5.713996909165644</cy>
    </calibration>
  </depth_map>
  <depth_map camera_id="113" level="1" path="1/d113.exr">
    <calibration type="frame">
      <resolution width="960" height="540"/>
      <f>567.86374251011239</f>
      <cx>12.868359721485547</cx>
      <cy>-2.856998454582822</cy>
    </calibration>
  </depth_map>
  <depth_map camera_id="113" level="2" path="2/d113.exr">
    <calibration type="frame">
      <resolution width="480" height="270"/>
      <f>283.93187125505619</f>
      <cx>6.4341798607427734</cx>
      <cy>-1.428499227291411</cy>
    </calibration>
  </depth_map>
  <depth_map camera_id="117" level="0" path="0/d117.exr">
    <calibration type="frame">
      <resolution width="1920" height="1080"/>
      <f>1135.7274850202248</f>
      <cx>25.736719442971093</cx>
      <cy>-5.713996909165644</cy>
    </calibration>
  </depth_map>
  <depth_map camera_id="117" level="1" path="1/d117.exr">
    <calibration type="frame">
      <resolution width="960" height="540"/>
      <f>567.86374251011239</f>
      <cx>12.868359721485547</cx>
      <cy>-2.856998454582822</cy>
    </calibration>
  </depth_map>
  <depth_map camera_id="117" level="2" path="2/d117.exr">
    <calibration type="frame">
      <resolution width="480" height="270"/>
      <f>283.93187125505619</f>
      <cx>6.4341798607427734</cx>
      <cy>-1.428499227291411</cy>
    </calibration>
  </depth_map>
  <depth_map camera_id="118" level="0" path="0/d118.exr">
    <calibration type="frame">
      <resolution width="1920" height="1080"/>
      <f>1135.7274850202248</f>
      <cx>25.736719442971093</cx>
      <cy>-5.713996909165644</cy>
    </calibration>
  </depth_map>
  <depth_map camera_id="118" level="1" path="1/d118.exr">
    <calibration type="frame">
      <resolution width="960" height="540"/>
      <f>567.86374251011239</f>
      <cx>12.868359721485547</cx>
      <cy>-2.856998454582822</cy>
    </calibration>
  </depth_map>
  <depth_map camera_id="118" level="2" path="2/d118.exr">
    <calibration type="frame">
      <resolution width="480" height="270"/>
      <f>283.93187125505619</f>
      <cx>6.4341798607427734</cx>
      <cy>-1.428499227291411</cy>
    </calibration>
  </depth_map>
  <depth_map camera_id="119" level="0" path="0/d119.exr">
    <calibration type="frame">
      <resolution width="1920" height="1080"/>
      <f>1135.7274850202248</f>
      <cx>25.736719442971093</cx>
      <cy>-5.713996909165644</cy>
    </calibration>
  </depth_map>
  <depth_map camera_id="119" level="1" path="1/d119.exr">
    <calibration type="frame">
      <resolution width="960" height="540"/>
      <f>567.86374251011239</f>
      <cx>12.868359721485547</cx>
      <cy>-2.856998454582822</cy>
    </calibration>
  </depth_map>
  <depth_map camera_id="119" level="2" path="2/d119.exr">
    <calibration type="frame">
      <resolution width="480" height="270"/>
      <f>283.93187125505619</f>
      <cx>6.4341798607427734</cx>
      <cy>-1.428499227291411</cy>
    </calibration>
  </depth_map>
  <depth_map camera_id="120" level="0" path="0/d120.exr">
    <calibration type="frame">
      <resolution width="1920" height="1080"/>
      <f>1135.7274850202248</f>
      <cx>25.736719442971093</cx>
      <cy>-5.713996909165644</cy>
    </calibration>
  </depth_map>
  <depth_map camera_id="120" level="1" path="1/d120.exr">
    <calibration type="frame">
      <resolution width="960" height="540"/>
      <f>567.86374251011239</f>
      <cx>12.868359721485547</cx>
      <cy>-2.856998454582822</cy>
    </calibration>
  </depth_map>
  <depth_map camera_id="120" level="2" path="2/d120.exr">
    <calibration type="frame">
      <resolution width="480" height="270"/>
      <f>283.93187125505619</f>
      <cx>6.4341798607427734</cx>
      <cy>-1.428499227291411</cy>
    </calibration>
  </depth_map>
  <depth_map camera_id="121" level="0" path="0/d121.exr">
    <calibration type="frame">
      <resolution width="1920" height="1080"/>
      <f>1135.7274850202248</f>
      <cx>25.736719442971093</cx>
      <cy>-5.713996909165644</cy>
    </calibration>
  </depth_map>
  <depth_map camera_id="121" level="1" path="1/d121.exr">
    <calibration type="frame">
      <resolution width="960" height="540"/>
      <f>567.86374251011239</f>
      <cx>12.868359721485547</cx>
      <cy>-2.856998454582822</cy>
    </calibration>
  </depth_map>
  <depth_map camera_id="121" level="2" path="2/d121.exr">
    <calibration type="frame">
      <resolution width="480" height="270"/>
      <f>283.93187125505619</f>
      <cx>6.4341798607427734</cx>
      <cy>-1.428499227291411</cy>
    </calibration>
  </depth_map>
  <depth_map camera_id="122" level="0" path="0/d122.exr">
    <calibration type="frame">
      <resolution width="1920" height="1080"/>
      <f>1135.7274850202248</f>
      <cx>25.736719442971093</cx>
      <cy>-5.713996909165644</cy>
    </calibration>
  </depth_map>
  <depth_map camera_id="122" level="1" path="1/d122.exr">
    <calibration type="frame">
      <resolution width="960" height="540"/>
      <f>567.86374251011239</f>
      <cx>12.868359721485547</cx>
      <cy>-2.856998454582822</cy>
    </calibration>
  </depth_map>
  <depth_map camera_id="122" level="2" path="2/d122.exr">
    <calibration type="frame">
      <resolution width="480" height="270"/>
      <f>283.93187125505619</f>
      <cx>6.4341798607427734</cx>
      <cy>-1.428499227291411</cy>
    </calibration>
  </depth_map>
  <depth_map camera_id="126" level="0" path="0/d126.exr">
    <calibration type="frame">
      <resolution width="1920" height="1080"/>
      <f>1135.7274850202248</f>
      <cx>25.736719442971093</cx>
      <cy>-5.713996909165644</cy>
    </calibration>
  </depth_map>
  <depth_map camera_id="126" level="1" path="1/d126.exr">
    <calibration type="frame">
      <resolution width="960" height="540"/>
      <f>567.86374251011239</f>
      <cx>12.868359721485547</cx>
      <cy>-2.856998454582822</cy>
    </calibration>
  </depth_map>
  <depth_map camera_id="126" level="2" path="2/d126.exr">
    <calibration type="frame">
      <resolution width="480" height="270"/>
      <f>283.93187125505619</f>
      <cx>6.4341798607427734</cx>
      <cy>-1.428499227291411</cy>
    </calibration>
  </depth_map>
  <depth_map camera_id="127" level="0" path="0/d127.exr">
    <calibration type="frame">
      <resolution width="1920" height="1080"/>
      <f>1135.7274850202248</f>
      <cx>25.736719442971093</cx>
      <cy>-5.713996909165644</cy>
    </calibration>
  </depth_map>
  <depth_map camera_id="127" level="1" path="1/d127.exr">
    <calibration type="frame">
      <resolution width="960" height="540"/>
      <f>567.86374251011239</f>
      <cx>12.868359721485547</cx>
      <cy>-2.856998454582822</cy>
    </calibration>
  </depth_map>
  <depth_map camera_id="127" level="2" path="2/d127.exr">
    <calibration type="frame">
      <resolution width="480" height="270"/>
      <f>283.93187125505619</f>
      <cx>6.4341798607427734</cx>
      <cy>-1.428499227291411</cy>
    </calibration>
  </depth_map>
  <depth_map camera_id="128" level="0" path="0/d128.exr">
    <calibration type="frame">
      <resolution width="1920" height="1080"/>
      <f>1135.7274850202248</f>
      <cx>25.736719442971093</cx>
      <cy>-5.713996909165644</cy>
    </calibration>
  </depth_map>
  <depth_map camera_id="128" level="1" path="1/d128.exr">
    <calibration type="frame">
      <resolution width="960" height="540"/>
      <f>567.86374251011239</f>
      <cx>12.868359721485547</cx>
      <cy>-2.856998454582822</cy>
    </calibration>
  </depth_map>
  <depth_map camera_id="128" level="2" path="2/d128.exr">
    <calibration type="frame">
      <resolution width="480" height="270"/>
      <f>283.93187125505619</f>
      <cx>6.4341798607427734</cx>
      <cy>-1.428499227291411</cy>
    </calibration>
  </depth_map>
  <depth_map camera_id="129" level="0" path="0/d129.exr">
    <calibration type="frame">
      <resolution width="1920" height="1080"/>
      <f>1135.7274850202248</f>
      <cx>25.736719442971093</cx>
      <cy>-5.713996909165644</cy>
    </calibration>
  </depth_map>
  <depth_map camera_id="129" level="1" path="1/d129.exr">
    <calibration type="frame">
      <resolution width="960" height="540"/>
      <f>567.86374251011239</f>
      <cx>12.868359721485547</cx>
      <cy>-2.856998454582822</cy>
    </calibration>
  </depth_map>
  <depth_map camera_id="129" level="2" path="2/d129.exr">
    <calibration type="frame">
      <resolution width="480" height="270"/>
      <f>283.93187125505619</f>
      <cx>6.4341798607427734</cx>
      <cy>-1.428499227291411</cy>
    </calibration>
  </depth_map>
  <depth_map camera_id="130" level="0" path="0/d130.exr">
    <calibration type="frame">
      <resolution width="1920" height="1080"/>
      <f>1135.7274850202248</f>
      <cx>25.736719442971093</cx>
      <cy>-5.713996909165644</cy>
    </calibration>
  </depth_map>
  <depth_map camera_id="130" level="1" path="1/d130.exr">
    <calibration type="frame">
      <resolution width="960" height="540"/>
      <f>567.86374251011239</f>
      <cx>12.868359721485547</cx>
      <cy>-2.856998454582822</cy>
    </calibration>
  </depth_map>
  <depth_map camera_id="130" level="2" path="2/d130.exr">
    <calibration type="frame">
      <resolution width="480" height="270"/>
      <f>283.93187125505619</f>
      <cx>6.4341798607427734</cx>
      <cy>-1.428499227291411</cy>
    </calibration>
  </depth_map>
  <depth_map camera_id="131" level="0" path="0/d131.exr">
    <calibration type="frame">
      <resolution width="1920" height="1080"/>
      <f>1135.7274850202248</f>
      <cx>25.736719442971093</cx>
      <cy>-5.713996909165644</cy>
    </calibration>
  </depth_map>
  <depth_map camera_id="131" level="1" path="1/d131.exr">
    <calibration type="frame">
      <resolution width="960" height="540"/>
      <f>567.86374251011239</f>
      <cx>12.868359721485547</cx>
      <cy>-2.856998454582822</cy>
    </calibration>
  </depth_map>
  <depth_map camera_id="131" level="2" path="2/d131.exr">
    <calibration type="frame">
      <resolution width="480" height="270"/>
      <f>283.93187125505619</f>
      <cx>6.4341798607427734</cx>
      <cy>-1.428499227291411</cy>
    </calibration>
  </depth_map>
  <depth_map camera_id="135" level="0" path="0/d135.exr">
    <calibration type="frame">
      <resolution width="1920" height="1080"/>
      <f>1135.7274850202248</f>
      <cx>25.736719442971093</cx>
      <cy>-5.713996909165644</cy>
    </calibration>
  </depth_map>
  <depth_map camera_id="135" level="1" path="1/d135.exr">
    <calibration type="frame">
      <resolution width="960" height="540"/>
      <f>567.86374251011239</f>
      <cx>12.868359721485547</cx>
      <cy>-2.856998454582822</cy>
    </calibration>
  </depth_map>
  <depth_map camera_id="135" level="2" path="2/d135.exr">
    <calibration type="frame">
      <resolution width="480" height="270"/>
      <f>283.93187125505619</f>
      <cx>6.4341798607427734</cx>
      <cy>-1.428499227291411</cy>
    </calibration>
  </depth_map>
  <depth_map camera_id="136" level="0" path="0/d136.exr">
    <calibration type="frame">
      <resolution width="1920" height="1080"/>
      <f>1135.7274850202248</f>
      <cx>25.736719442971093</cx>
      <cy>-5.713996909165644</cy>
    </calibration>
  </depth_map>
  <depth_map camera_id="136" level="1" path="1/d136.exr">
    <calibration type="frame">
      <resolution width="960" height="540"/>
      <f>567.86374251011239</f>
      <cx>12.868359721485547</cx>
      <cy>-2.856998454582822</cy>
    </calibration>
  </depth_map>
  <depth_map camera_id="136" level="2" path="2/d136.exr">
    <calibration type="frame">
      <resolution width="480" height="270"/>
      <f>283.93187125505619</f>
      <cx>6.4341798607427734</cx>
      <cy>-1.428499227291411</cy>
    </calibration>
  </depth_map>
  <depth_map camera_id="137" level="0" path="0/d137.exr">
    <calibration type="frame">
      <resolution width="1920" height="1080"/>
      <f>1135.7274850202248</f>
      <cx>25.736719442971093</cx>
      <cy>-5.713996909165644</cy>
    </calibration>
  </depth_map>
  <depth_map camera_id="137" level="1" path="1/d137.exr">
    <calibration type="frame">
      <resolution width="960" height="540"/>
      <f>567.86374251011239</f>
      <cx>12.868359721485547</cx>
      <cy>-2.856998454582822</cy>
    </calibration>
  </depth_map>
  <depth_map camera_id="137" level="2" path="2/d137.exr">
    <calibration type="frame">
      <resolution width="480" height="270"/>
      <f>283.93187125505619</f>
      <cx>6.4341798607427734</cx>
      <cy>-1.428499227291411</cy>
    </calibration>
  </depth_map>
  <depth_map camera_id="138" level="0" path="0/d138.exr">
    <calibration type="frame">
      <resolution width="1920" height="1080"/>
      <f>1135.7274850202248</f>
      <cx>25.736719442971093</cx>
      <cy>-5.713996909165644</cy>
    </calibration>
  </depth_map>
  <depth_map camera_id="138" level="1" path="1/d138.exr">
    <calibration type="frame">
      <resolution width="960" height="540"/>
      <f>567.86374251011239</f>
      <cx>12.868359721485547</cx>
      <cy>-2.856998454582822</cy>
    </calibration>
  </depth_map>
  <depth_map camera_id="138" level="2" path="2/d138.exr">
    <calibration type="frame">
      <resolution width="480" height="270"/>
      <f>283.93187125505619</f>
      <cx>6.4341798607427734</cx>
      <cy>-1.428499227291411</cy>
    </calibration>
  </depth_map>
  <depth_map camera_id="139" level="0" path="0/d139.exr">
    <calibration type="frame">
      <resolution width="1920" height="1080"/>
      <f>1135.7274850202248</f>
      <cx>25.736719442971093</cx>
      <cy>-5.713996909165644</cy>
    </calibration>
  </depth_map>
  <depth_map camera_id="139" level="1" path="1/d139.exr">
    <calibration type="frame">
      <resolution width="960" height="540"/>
      <f>567.86374251011239</f>
      <cx>12.868359721485547</cx>
      <cy>-2.856998454582822</cy>
    </calibration>
  </depth_map>
  <depth_map camera_id="139" level="2" path="2/d139.exr">
    <calibration type="frame">
      <resolution width="480" height="270"/>
      <f>283.93187125505619</f>
      <cx>6.4341798607427734</cx>
      <cy>-1.428499227291411</cy>
    </calibration>
  </depth_map>
  <depth_map camera_id="140" level="0" path="0/d140.exr">
    <calibration type="frame">
      <resolution width="1920" height="1080"/>
      <f>1135.7274850202248</f>
      <cx>25.736719442971093</cx>
      <cy>-5.713996909165644</cy>
    </calibration>
  </depth_map>
  <depth_map camera_id="140" level="1" path="1/d140.exr">
    <calibration type="frame">
      <resolution width="960" height="540"/>
      <f>567.86374251011239</f>
      <cx>12.868359721485547</cx>
      <cy>-2.856998454582822</cy>
    </calibration>
  </depth_map>
  <depth_map camera_id="140" level="2" path="2/d140.exr">
    <calibration type="frame">
      <resolution width="480" height="270"/>
      <f>283.93187125505619</f>
      <cx>6.4341798607427734</cx>
      <cy>-1.428499227291411</cy>
    </calibration>
  </depth_map>
  <depth_map camera_id="144" level="0" path="0/d144.exr">
    <calibration type="frame">
      <resolution width="1920" height="1080"/>
      <f>1135.7274850202248</f>
      <cx>25.736719442971093</cx>
      <cy>-5.713996909165644</cy>
    </calibration>
  </depth_map>
  <depth_map camera_id="144" level="1" path="1/d144.exr">
    <calibration type="frame">
      <resolution width="960" height="540"/>
      <f>567.86374251011239</f>
      <cx>12.868359721485547</cx>
      <cy>-2.856998454582822</cy>
    </calibration>
  </depth_map>
  <depth_map camera_id="144" level="2" path="2/d144.exr">
    <calibration type="frame">
      <resolution width="480" height="270"/>
      <f>283.93187125505619</f>
      <cx>6.4341798607427734</cx>
      <cy>-1.428499227291411</cy>
    </calibration>
  </depth_map>
  <depth_map camera_id="145" level="0" path="0/d145.exr">
    <calibration type="frame">
      <resolution width="1920" height="1080"/>
      <f>1135.7274850202248</f>
      <cx>25.736719442971093</cx>
      <cy>-5.713996909165644</cy>
    </calibration>
  </depth_map>
  <depth_map camera_id="145" level="1" path="1/d145.exr">
    <calibration type="frame">
      <resolution width="960" height="540"/>
      <f>567.86374251011239</f>
      <cx>12.868359721485547</cx>
      <cy>-2.856998454582822</cy>
    </calibration>
  </depth_map>
  <depth_map camera_id="145" level="2" path="2/d145.exr">
    <calibration type="frame">
      <resolution width="480" height="270"/>
      <f>283.93187125505619</f>
      <cx>6.4341798607427734</cx>
      <cy>-1.428499227291411</cy>
    </calibration>
  </depth_map>
  <depth_map camera_id="146" level="0" path="0/d146.exr">
    <calibration type="frame">
      <resolution width="1920" height="1080"/>
      <f>1135.7274850202248</f>
      <cx>25.736719442971093</cx>
      <cy>-5.713996909165644</cy>
    </calibration>
  </depth_map>
  <depth_map camera_id="146" level="1" path="1/d146.exr">
    <calibration type="frame">
      <resolution width="960" height="540"/>
      <f>567.86374251011239</f>
      <cx>12.868359721485547</cx>
      <cy>-2.856998454582822</cy>
    </calibration>
  </depth_map>
  <depth_map camera_id="146" level="2" path="2/d146.exr">
    <calibration type="frame">
      <resolution width="480" height="270"/>
      <f>283.93187125505619</f>
      <cx>6.4341798607427734</cx>
      <cy>-1.428499227291411</cy>
    </calibration>
  </depth_map>
  <depth_map camera_id="149" level="0" path="0/d149.exr">
    <calibration type="frame">
      <resolution width="1920" height="1080"/>
      <f>1135.7274850202248</f>
      <cx>25.736719442971093</cx>
      <cy>-5.713996909165644</cy>
    </calibration>
  </depth_map>
  <depth_map camera_id="149" level="1" path="1/d149.exr">
    <calibration type="frame">
      <resolution width="960" height="540"/>
      <f>567.86374251011239</f>
      <cx>12.868359721485547</cx>
      <cy>-2.856998454582822</cy>
    </calibration>
  </depth_map>
  <depth_map camera_id="149" level="2" path="2/d149.exr">
    <calibration type="frame">
      <resolution width="480" height="270"/>
      <f>283.93187125505619</f>
      <cx>6.4341798607427734</cx>
      <cy>-1.428499227291411</cy>
    </calibration>
  </depth_map>
</depth_maps>
