<?xml version="1.0" encoding="UTF-8"?>
<depth_maps version="1.5.0">
  <depth_map camera_id="87" level="0" path="0/d87.exr">
    <calibration type="frame">
      <resolution width="1920" height="1080"/>
      <f>1135.7274850202248</f>
      <cx>25.736719442971093</cx>
      <cy>-5.713996909165644</cy>
    </calibration>
  </depth_map>
  <depth_map camera_id="87" level="1" path="1/d87.exr">
    <calibration type="frame">
      <resolution width="960" height="540"/>
      <f>567.86374251011239</f>
      <cx>12.868359721485547</cx>
      <cy>-2.856998454582822</cy>
    </calibration>
  </depth_map>
  <depth_map camera_id="87" level="2" path="2/d87.exr">
    <calibration type="frame">
      <resolution width="480" height="270"/>
      <f>283.93187125505619</f>
      <cx>6.4341798607427734</cx>
      <cy>-1.428499227291411</cy>
    </calibration>
  </depth_map>
  <depth_map camera_id="88" level="0" path="0/d88.exr">
    <calibration type="frame">
      <resolution width="1920" height="1080"/>
      <f>1135.7274850202248</f>
      <cx>25.736719442971093</cx>
      <cy>-5.713996909165644</cy>
    </calibration>
  </depth_map>
  <depth_map camera_id="88" level="1" path="1/d88.exr">
    <calibration type="frame">
      <resolution width="960" height="540"/>
      <f>567.86374251011239</f>
      <cx>12.868359721485547</cx>
      <cy>-2.856998454582822</cy>
    </calibration>
  </depth_map>
  <depth_map camera_id="88" level="2" path="2/d88.exr">
    <calibration type="frame">
      <resolution width="480" height="270"/>
      <f>283.93187125505619</f>
      <cx>6.4341798607427734</cx>
      <cy>-1.428499227291411</cy>
    </calibration>
  </depth_map>
  <depth_map camera_id="89" level="0" path="0/d89.exr">
    <calibration type="frame">
      <resolution width="1920" height="1080"/>
      <f>1135.7274850202248</f>
      <cx>25.736719442971093</cx>
      <cy>-5.713996909165644</cy>
    </calibration>
  </depth_map>
  <depth_map camera_id="89" level="1" path="1/d89.exr">
    <calibration type="frame">
      <resolution width="960" height="540"/>
      <f>567.86374251011239</f>
      <cx>12.868359721485547</cx>
      <cy>-2.856998454582822</cy>
    </calibration>
  </depth_map>
  <depth_map camera_id="89" level="2" path="2/d89.exr">
    <calibration type="frame">
      <resolution width="480" height="270"/>
      <f>283.93187125505619</f>
      <cx>6.4341798607427734</cx>
      <cy>-1.428499227291411</cy>
    </calibration>
  </depth_map>
  <depth_map camera_id="96" level="0" path="0/d96.exr">
    <calibration type="frame">
      <resolution width="1920" height="1080"/>
      <f>1135.7274850202248</f>
      <cx>25.736719442971093</cx>
      <cy>-5.713996909165644</cy>
    </calibration>
  </depth_map>
  <depth_map camera_id="96" level="1" path="1/d96.exr">
    <calibration type="frame">
      <resolution width="960" height="540"/>
      <f>567.86374251011239</f>
      <cx>12.868359721485547</cx>
      <cy>-2.856998454582822</cy>
    </calibration>
  </depth_map>
  <depth_map camera_id="96" level="2" path="2/d96.exr">
    <calibration type="frame">
      <resolution width="480" height="270"/>
      <f>283.93187125505619</f>
      <cx>6.4341798607427734</cx>
      <cy>-1.428499227291411</cy>
    </calibration>
  </depth_map>
  <depth_map camera_id="97" level="0" path="0/d97.exr">
    <calibration type="frame">
      <resolution width="1920" height="1080"/>
      <f>1135.7274850202248</f>
      <cx>25.736719442971093</cx>
      <cy>-5.713996909165644</cy>
    </calibration>
  </depth_map>
  <depth_map camera_id="97" level="1" path="1/d97.exr">
    <calibration type="frame">
      <resolution width="960" height="540"/>
      <f>567.86374251011239</f>
      <cx>12.868359721485547</cx>
      <cy>-2.856998454582822</cy>
    </calibration>
  </depth_map>
  <depth_map camera_id="97" level="2" path="2/d97.exr">
    <calibration type="frame">
      <resolution width="480" height="270"/>
      <f>283.93187125505619</f>
      <cx>6.4341798607427734</cx>
      <cy>-1.428499227291411</cy>
    </calibration>
  </depth_map>
  <depth_map camera_id="98" level="0" path="0/d98.exr">
    <calibration type="frame">
      <resolution width="1920" height="1080"/>
      <f>1135.7274850202248</f>
      <cx>25.736719442971093</cx>
      <cy>-5.713996909165644</cy>
    </calibration>
  </depth_map>
  <depth_map camera_id="98" level="1" path="1/d98.exr">
    <calibration type="frame">
      <resolution width="960" height="540"/>
      <f>567.86374251011239</f>
      <cx>12.868359721485547</cx>
      <cy>-2.856998454582822</cy>
    </calibration>
  </depth_map>
  <depth_map camera_id="98" level="2" path="2/d98.exr">
    <calibration type="frame">
      <resolution width="480" height="270"/>
      <f>283.93187125505619</f>
      <cx>6.4341798607427734</cx>
      <cy>-1.428499227291411</cy>
    </calibration>
  </depth_map>
  <depth_map camera_id="105" level="0" path="0/d105.exr">
    <calibration type="frame">
      <resolution width="1920" height="1080"/>
      <f>1135.7274850202248</f>
      <cx>25.736719442971093</cx>
      <cy>-5.713996909165644</cy>
    </calibration>
  </depth_map>
  <depth_map camera_id="105" level="1" path="1/d105.exr">
    <calibration type="frame">
      <resolution width="960" height="540"/>
      <f>567.86374251011239</f>
      <cx>12.868359721485547</cx>
      <cy>-2.856998454582822</cy>
    </calibration>
  </depth_map>
  <depth_map camera_id="105" level="2" path="2/d105.exr">
    <calibration type="frame">
      <resolution width="480" height="270"/>
      <f>283.93187125505619</f>
      <cx>6.4341798607427734</cx>
      <cy>-1.428499227291411</cy>
    </calibration>
  </depth_map>
  <depth_map camera_id="106" level="0" path="0/d106.exr">
    <calibration type="frame">
      <resolution width="1920" height="1080"/>
      <f>1135.7274850202248</f>
      <cx>25.736719442971093</cx>
      <cy>-5.713996909165644</cy>
    </calibration>
  </depth_map>
  <depth_map camera_id="106" level="1" path="1/d106.exr">
    <calibration type="frame">
      <resolution width="960" height="540"/>
      <f>567.86374251011239</f>
      <cx>12.868359721485547</cx>
      <cy>-2.856998454582822</cy>
    </calibration>
  </depth_map>
  <depth_map camera_id="106" level="2" path="2/d106.exr">
    <calibration type="frame">
      <resolution width="480" height="270"/>
      <f>283.93187125505619</f>
      <cx>6.4341798607427734</cx>
      <cy>-1.428499227291411</cy>
    </calibration>
  </depth_map>
  <depth_map camera_id="107" level="0" path="0/d107.exr">
    <calibration type="frame">
      <resolution width="1920" height="1080"/>
      <f>1135.7274850202248</f>
      <cx>25.736719442971093</cx>
      <cy>-5.713996909165644</cy>
    </calibration>
  </depth_map>
  <depth_map camera_id="107" level="1" path="1/d107.exr">
    <calibration type="frame">
      <resolution width="960" height="540"/>
      <f>567.86374251011239</f>
      <cx>12.868359721485547</cx>
      <cy>-2.856998454582822</cy>
    </calibration>
  </depth_map>
  <depth_map camera_id="107" level="2" path="2/d107.exr">
    <calibration type="frame">
      <resolution width="480" height="270"/>
      <f>283.93187125505619</f>
      <cx>6.4341798607427734</cx>
      <cy>-1.428499227291411</cy>
    </calibration>
  </depth_map>
  <depth_map camera_id="114" level="0" path="0/d114.exr">
    <calibration type="frame">
      <resolution width="1920" height="1080"/>
      <f>1135.7274850202248</f>
      <cx>25.736719442971093</cx>
      <cy>-5.713996909165644</cy>
    </calibration>
  </depth_map>
  <depth_map camera_id="114" level="1" path="1/d114.exr">
    <calibration type="frame">
      <resolution width="960" height="540"/>
      <f>567.86374251011239</f>
      <cx>12.868359721485547</cx>
      <cy>-2.856998454582822</cy>
    </calibration>
  </depth_map>
  <depth_map camera_id="114" level="2" path="2/d114.exr">
    <calibration type="frame">
      <resolution width="480" height="270"/>
      <f>283.93187125505619</f>
      <cx>6.4341798607427734</cx>
      <cy>-1.428499227291411</cy>
    </calibration>
  </depth_map>
  <depth_map camera_id="115" level="0" path="0/d115.exr">
    <calibration type="frame">
      <resolution width="1920" height="1080"/>
      <f>1135.7274850202248</f>
      <cx>25.736719442971093</cx>
      <cy>-5.713996909165644</cy>
    </calibration>
  </depth_map>
  <depth_map camera_id="115" level="1" path="1/d115.exr">
    <calibration type="frame">
      <resolution width="960" height="540"/>
      <f>567.86374251011239</f>
      <cx>12.868359721485547</cx>
      <cy>-2.856998454582822</cy>
    </calibration>
  </depth_map>
  <depth_map camera_id="115" level="2" path="2/d115.exr">
    <calibration type="frame">
      <resolution width="480" height="270"/>
      <f>283.93187125505619</f>
      <cx>6.4341798607427734</cx>
      <cy>-1.428499227291411</cy>
    </calibration>
  </depth_map>
  <depth_map camera_id="116" level="0" path="0/d116.exr">
    <calibration type="frame">
      <resolution width="1920" height="1080"/>
      <f>1135.7274850202248</f>
      <cx>25.736719442971093</cx>
      <cy>-5.713996909165644</cy>
    </calibration>
  </depth_map>
  <depth_map camera_id="116" level="1" path="1/d116.exr">
    <calibration type="frame">
      <resolution width="960" height="540"/>
      <f>567.86374251011239</f>
      <cx>12.868359721485547</cx>
      <cy>-2.856998454582822</cy>
    </calibration>
  </depth_map>
  <depth_map camera_id="116" level="2" path="2/d116.exr">
    <calibration type="frame">
      <resolution width="480" height="270"/>
      <f>283.93187125505619</f>
      <cx>6.4341798607427734</cx>
      <cy>-1.428499227291411</cy>
    </calibration>
  </depth_map>
  <depth_map camera_id="123" level="0" path="0/d123.exr">
    <calibration type="frame">
      <resolution width="1920" height="1080"/>
      <f>1135.7274850202248</f>
      <cx>25.736719442971093</cx>
      <cy>-5.713996909165644</cy>
    </calibration>
  </depth_map>
  <depth_map camera_id="123" level="1" path="1/d123.exr">
    <calibration type="frame">
      <resolution width="960" height="540"/>
      <f>567.86374251011239</f>
      <cx>12.868359721485547</cx>
      <cy>-2.856998454582822</cy>
    </calibration>
  </depth_map>
  <depth_map camera_id="123" level="2" path="2/d123.exr">
    <calibration type="frame">
      <resolution width="480" height="270"/>
      <f>283.93187125505619</f>
      <cx>6.4341798607427734</cx>
      <cy>-1.428499227291411</cy>
    </calibration>
  </depth_map>
  <depth_map camera_id="124" level="0" path="0/d124.exr">
    <calibration type="frame">
      <resolution width="1920" height="1080"/>
      <f>1135.7274850202248</f>
      <cx>25.736719442971093</cx>
      <cy>-5.713996909165644</cy>
    </calibration>
  </depth_map>
  <depth_map camera_id="124" level="1" path="1/d124.exr">
    <calibration type="frame">
      <resolution width="960" height="540"/>
      <f>567.86374251011239</f>
      <cx>12.868359721485547</cx>
      <cy>-2.856998454582822</cy>
    </calibration>
  </depth_map>
  <depth_map camera_id="124" level="2" path="2/d124.exr">
    <calibration type="frame">
      <resolution width="480" height="270"/>
      <f>283.93187125505619</f>
      <cx>6.4341798607427734</cx>
      <cy>-1.428499227291411</cy>
    </calibration>
  </depth_map>
  <depth_map camera_id="125" level="0" path="0/d125.exr">
    <calibration type="frame">
      <resolution width="1920" height="1080"/>
      <f>1135.7274850202248</f>
      <cx>25.736719442971093</cx>
      <cy>-5.713996909165644</cy>
    </calibration>
  </depth_map>
  <depth_map camera_id="125" level="1" path="1/d125.exr">
    <calibration type="frame">
      <resolution width="960" height="540"/>
      <f>567.86374251011239</f>
      <cx>12.868359721485547</cx>
      <cy>-2.856998454582822</cy>
    </calibration>
  </depth_map>
  <depth_map camera_id="125" level="2" path="2/d125.exr">
    <calibration type="frame">
      <resolution width="480" height="270"/>
      <f>283.93187125505619</f>
      <cx>6.4341798607427734</cx>
      <cy>-1.428499227291411</cy>
    </calibration>
  </depth_map>
  <depth_map camera_id="132" level="0" path="0/d132.exr">
    <calibration type="frame">
      <resolution width="1920" height="1080"/>
      <f>1135.7274850202248</f>
      <cx>25.736719442971093</cx>
      <cy>-5.713996909165644</cy>
    </calibration>
  </depth_map>
  <depth_map camera_id="132" level="1" path="1/d132.exr">
    <calibration type="frame">
      <resolution width="960" height="540"/>
      <f>567.86374251011239</f>
      <cx>12.868359721485547</cx>
      <cy>-2.856998454582822</cy>
    </calibration>
  </depth_map>
  <depth_map camera_id="132" level="2" path="2/d132.exr">
    <calibration type="frame">
      <resolution width="480" height="270"/>
      <f>283.93187125505619</f>
      <cx>6.4341798607427734</cx>
      <cy>-1.428499227291411</cy>
    </calibration>
  </depth_map>
  <depth_map camera_id="133" level="0" path="0/d133.exr">
    <calibration type="frame">
      <resolution width="1920" height="1080"/>
      <f>1135.7274850202248</f>
      <cx>25.736719442971093</cx>
      <cy>-5.713996909165644</cy>
    </calibration>
  </depth_map>
  <depth_map camera_id="133" level="1" path="1/d133.exr">
    <calibration type="frame">
      <resolution width="960" height="540"/>
      <f>567.86374251011239</f>
      <cx>12.868359721485547</cx>
      <cy>-2.856998454582822</cy>
    </calibration>
  </depth_map>
  <depth_map camera_id="133" level="2" path="2/d133.exr">
    <calibration type="frame">
      <resolution width="480" height="270"/>
      <f>283.93187125505619</f>
      <cx>6.4341798607427734</cx>
      <cy>-1.428499227291411</cy>
    </calibration>
  </depth_map>
  <depth_map camera_id="134" level="0" path="0/d134.exr">
    <calibration type="frame">
      <resolution width="1920" height="1080"/>
      <f>1135.7274850202248</f>
      <cx>25.736719442971093</cx>
      <cy>-5.713996909165644</cy>
    </calibration>
  </depth_map>
  <depth_map camera_id="134" level="1" path="1/d134.exr">
    <calibration type="frame">
      <resolution width="960" height="540"/>
      <f>567.86374251011239</f>
      <cx>12.868359721485547</cx>
      <cy>-2.856998454582822</cy>
    </calibration>
  </depth_map>
  <depth_map camera_id="134" level="2" path="2/d134.exr">
    <calibration type="frame">
      <resolution width="480" height="270"/>
      <f>283.93187125505619</f>
      <cx>6.4341798607427734</cx>
      <cy>-1.428499227291411</cy>
    </calibration>
  </depth_map>
  <depth_map camera_id="141" level="0" path="0/d141.exr">
    <calibration type="frame">
      <resolution width="1920" height="1080"/>
      <f>1135.7274850202248</f>
      <cx>25.736719442971093</cx>
      <cy>-5.713996909165644</cy>
    </calibration>
  </depth_map>
  <depth_map camera_id="141" level="1" path="1/d141.exr">
    <calibration type="frame">
      <resolution width="960" height="540"/>
      <f>567.86374251011239</f>
      <cx>12.868359721485547</cx>
      <cy>-2.856998454582822</cy>
    </calibration>
  </depth_map>
  <depth_map camera_id="141" level="2" path="2/d141.exr">
    <calibration type="frame">
      <resolution width="480" height="270"/>
      <f>283.93187125505619</f>
      <cx>6.4341798607427734</cx>
      <cy>-1.428499227291411</cy>
    </calibration>
  </depth_map>
  <depth_map camera_id="142" level="0" path="0/d142.exr">
    <calibration type="frame">
      <resolution width="1920" height="1080"/>
      <f>1135.7274850202248</f>
      <cx>25.736719442971093</cx>
      <cy>-5.713996909165644</cy>
    </calibration>
  </depth_map>
  <depth_map camera_id="142" level="1" path="1/d142.exr">
    <calibration type="frame">
      <resolution width="960" height="540"/>
      <f>567.86374251011239</f>
      <cx>12.868359721485547</cx>
      <cy>-2.856998454582822</cy>
    </calibration>
  </depth_map>
  <depth_map camera_id="142" level="2" path="2/d142.exr">
    <calibration type="frame">
      <resolution width="480" height="270"/>
      <f>283.93187125505619</f>
      <cx>6.4341798607427734</cx>
      <cy>-1.428499227291411</cy>
    </calibration>
  </depth_map>
  <depth_map camera_id="143" level="0" path="0/d143.exr">
    <calibration type="frame">
      <resolution width="1920" height="1080"/>
      <f>1135.7274850202248</f>
      <cx>25.736719442971093</cx>
      <cy>-5.713996909165644</cy>
    </calibration>
  </depth_map>
  <depth_map camera_id="143" level="1" path="1/d143.exr">
    <calibration type="frame">
      <resolution width="960" height="540"/>
      <f>567.86374251011239</f>
      <cx>12.868359721485547</cx>
      <cy>-2.856998454582822</cy>
    </calibration>
  </depth_map>
  <depth_map camera_id="143" level="2" path="2/d143.exr">
    <calibration type="frame">
      <resolution width="480" height="270"/>
      <f>283.93187125505619</f>
      <cx>6.4341798607427734</cx>
      <cy>-1.428499227291411</cy>
    </calibration>
  </depth_map>
  <depth_map camera_id="150" level="0" path="0/d150.exr">
    <calibration type="frame">
      <resolution width="1920" height="1080"/>
      <f>1135.7274850202248</f>
      <cx>25.736719442971093</cx>
      <cy>-5.713996909165644</cy>
    </calibration>
  </depth_map>
  <depth_map camera_id="150" level="1" path="1/d150.exr">
    <calibration type="frame">
      <resolution width="960" height="540"/>
      <f>567.86374251011239</f>
      <cx>12.868359721485547</cx>
      <cy>-2.856998454582822</cy>
    </calibration>
  </depth_map>
  <depth_map camera_id="150" level="2" path="2/d150.exr">
    <calibration type="frame">
      <resolution width="480" height="270"/>
      <f>283.93187125505619</f>
      <cx>6.4341798607427734</cx>
      <cy>-1.428499227291411</cy>
    </calibration>
  </depth_map>
  <depth_map camera_id="151" level="0" path="0/d151.exr">
    <calibration type="frame">
      <resolution width="1920" height="1080"/>
      <f>1135.7274850202248</f>
      <cx>25.736719442971093</cx>
      <cy>-5.713996909165644</cy>
    </calibration>
  </depth_map>
  <depth_map camera_id="151" level="1" path="1/d151.exr">
    <calibration type="frame">
      <resolution width="960" height="540"/>
      <f>567.86374251011239</f>
      <cx>12.868359721485547</cx>
      <cy>-2.856998454582822</cy>
    </calibration>
  </depth_map>
  <depth_map camera_id="151" level="2" path="2/d151.exr">
    <calibration type="frame">
      <resolution width="480" height="270"/>
      <f>283.93187125505619</f>
      <cx>6.4341798607427734</cx>
      <cy>-1.428499227291411</cy>
    </calibration>
  </depth_map>
  <depth_map camera_id="152" level="0" path="0/d152.exr">
    <calibration type="frame">
      <resolution width="1920" height="1080"/>
      <f>1135.7274850202248</f>
      <cx>25.736719442971093</cx>
      <cy>-5.713996909165644</cy>
    </calibration>
  </depth_map>
  <depth_map camera_id="152" level="1" path="1/d152.exr">
    <calibration type="frame">
      <resolution width="960" height="540"/>
      <f>567.86374251011239</f>
      <cx>12.868359721485547</cx>
      <cy>-2.856998454582822</cy>
    </calibration>
  </depth_map>
  <depth_map camera_id="152" level="2" path="2/d152.exr">
    <calibration type="frame">
      <resolution width="480" height="270"/>
      <f>283.93187125505619</f>
      <cx>6.4341798607427734</cx>
      <cy>-1.428499227291411</cy>
    </calibration>
  </depth_map>
  <depth_map camera_id="159" level="0" path="0/d159.exr">
    <calibration type="frame">
      <resolution width="1920" height="1080"/>
      <f>1135.7274850202248</f>
      <cx>25.736719442971093</cx>
      <cy>-5.713996909165644</cy>
    </calibration>
  </depth_map>
  <depth_map camera_id="159" level="1" path="1/d159.exr">
    <calibration type="frame">
      <resolution width="960" height="540"/>
      <f>567.86374251011239</f>
      <cx>12.868359721485547</cx>
      <cy>-2.856998454582822</cy>
    </calibration>
  </depth_map>
  <depth_map camera_id="159" level="2" path="2/d159.exr">
    <calibration type="frame">
      <resolution width="480" height="270"/>
      <f>283.93187125505619</f>
      <cx>6.4341798607427734</cx>
      <cy>-1.428499227291411</cy>
    </calibration>
  </depth_map>
  <depth_map camera_id="160" level="0" path="0/d160.exr">
    <calibration type="frame">
      <resolution width="1920" height="1080"/>
      <f>1135.7274850202248</f>
      <cx>25.736719442971093</cx>
      <cy>-5.713996909165644</cy>
    </calibration>
  </depth_map>
  <depth_map camera_id="160" level="1" path="1/d160.exr">
    <calibration type="frame">
      <resolution width="960" height="540"/>
      <f>567.86374251011239</f>
      <cx>12.868359721485547</cx>
      <cy>-2.856998454582822</cy>
    </calibration>
  </depth_map>
  <depth_map camera_id="160" level="2" path="2/d160.exr">
    <calibration type="frame">
      <resolution width="480" height="270"/>
      <f>283.93187125505619</f>
      <cx>6.4341798607427734</cx>
      <cy>-1.428499227291411</cy>
    </calibration>
  </depth_map>
  <depth_map camera_id="161" level="0" path="0/d161.exr">
    <calibration type="frame">
      <resolution width="1920" height="1080"/>
      <f>1135.7274850202248</f>
      <cx>25.736719442971093</cx>
      <cy>-5.713996909165644</cy>
    </calibration>
  </depth_map>
  <depth_map camera_id="161" level="1" path="1/d161.exr">
    <calibration type="frame">
      <resolution width="960" height="540"/>
      <f>567.86374251011239</f>
      <cx>12.868359721485547</cx>
      <cy>-2.856998454582822</cy>
    </calibration>
  </depth_map>
  <depth_map camera_id="161" level="2" path="2/d161.exr">
    <calibration type="frame">
      <resolution width="480" height="270"/>
      <f>283.93187125505619</f>
      <cx>6.4341798607427734</cx>
      <cy>-1.428499227291411</cy>
    </calibration>
  </depth_map>
  <depth_map camera_id="168" level="0" path="0/d168.exr">
    <calibration type="frame">
      <resolution width="1920" height="1080"/>
      <f>1135.7274850202248</f>
      <cx>25.736719442971093</cx>
      <cy>-5.713996909165644</cy>
    </calibration>
  </depth_map>
  <depth_map camera_id="168" level="1" path="1/d168.exr">
    <calibration type="frame">
      <resolution width="960" height="540"/>
      <f>567.86374251011239</f>
      <cx>12.868359721485547</cx>
      <cy>-2.856998454582822</cy>
    </calibration>
  </depth_map>
  <depth_map camera_id="168" level="2" path="2/d168.exr">
    <calibration type="frame">
      <resolution width="480" height="270"/>
      <f>283.93187125505619</f>
      <cx>6.4341798607427734</cx>
      <cy>-1.428499227291411</cy>
    </calibration>
  </depth_map>
  <depth_map camera_id="169" level="0" path="0/d169.exr">
    <calibration type="frame">
      <resolution width="1920" height="1080"/>
      <f>1135.7274850202248</f>
      <cx>25.736719442971093</cx>
      <cy>-5.713996909165644</cy>
    </calibration>
  </depth_map>
  <depth_map camera_id="169" level="1" path="1/d169.exr">
    <calibration type="frame">
      <resolution width="960" height="540"/>
      <f>567.86374251011239</f>
      <cx>12.868359721485547</cx>
      <cy>-2.856998454582822</cy>
    </calibration>
  </depth_map>
  <depth_map camera_id="169" level="2" path="2/d169.exr">
    <calibration type="frame">
      <resolution width="480" height="270"/>
      <f>283.93187125505619</f>
      <cx>6.4341798607427734</cx>
      <cy>-1.428499227291411</cy>
    </calibration>
  </depth_map>
  <depth_map camera_id="170" level="0" path="0/d170.exr">
    <calibration type="frame">
      <resolution width="1920" height="1080"/>
      <f>1135.7274850202248</f>
      <cx>25.736719442971093</cx>
      <cy>-5.713996909165644</cy>
    </calibration>
  </depth_map>
  <depth_map camera_id="170" level="1" path="1/d170.exr">
    <calibration type="frame">
      <resolution width="960" height="540"/>
      <f>567.86374251011239</f>
      <cx>12.868359721485547</cx>
      <cy>-2.856998454582822</cy>
    </calibration>
  </depth_map>
  <depth_map camera_id="170" level="2" path="2/d170.exr">
    <calibration type="frame">
      <resolution width="480" height="270"/>
      <f>283.93187125505619</f>
      <cx>6.4341798607427734</cx>
      <cy>-1.428499227291411</cy>
    </calibration>
  </depth_map>
  <depth_map camera_id="177" level="0" path="0/d177.exr">
    <calibration type="frame">
      <resolution width="1920" height="1080"/>
      <f>1135.7274850202248</f>
      <cx>25.736719442971093</cx>
      <cy>-5.713996909165644</cy>
    </calibration>
  </depth_map>
  <depth_map camera_id="177" level="1" path="1/d177.exr">
    <calibration type="frame">
      <resolution width="960" height="540"/>
      <f>567.86374251011239</f>
      <cx>12.868359721485547</cx>
      <cy>-2.856998454582822</cy>
    </calibration>
  </depth_map>
  <depth_map camera_id="177" level="2" path="2/d177.exr">
    <calibration type="frame">
      <resolution width="480" height="270"/>
      <f>283.93187125505619</f>
      <cx>6.4341798607427734</cx>
      <cy>-1.428499227291411</cy>
    </calibration>
  </depth_map>
  <depth_map camera_id="178" level="0" path="0/d178.exr">
    <calibration type="frame">
      <resolution width="1920" height="1080"/>
      <f>1135.7274850202248</f>
      <cx>25.736719442971093</cx>
      <cy>-5.713996909165644</cy>
    </calibration>
  </depth_map>
  <depth_map camera_id="178" level="1" path="1/d178.exr">
    <calibration type="frame">
      <resolution width="960" height="540"/>
      <f>567.86374251011239</f>
      <cx>12.868359721485547</cx>
      <cy>-2.856998454582822</cy>
    </calibration>
  </depth_map>
  <depth_map camera_id="178" level="2" path="2/d178.exr">
    <calibration type="frame">
      <resolution width="480" height="270"/>
      <f>283.93187125505619</f>
      <cx>6.4341798607427734</cx>
      <cy>-1.428499227291411</cy>
    </calibration>
  </depth_map>
  <depth_map camera_id="179" level="0" path="0/d179.exr">
    <calibration type="frame">
      <resolution width="1920" height="1080"/>
      <f>1135.7274850202248</f>
      <cx>25.736719442971093</cx>
      <cy>-5.713996909165644</cy>
    </calibration>
  </depth_map>
  <depth_map camera_id="179" level="1" path="1/d179.exr">
    <calibration type="frame">
      <resolution width="960" height="540"/>
      <f>567.86374251011239</f>
      <cx>12.868359721485547</cx>
      <cy>-2.856998454582822</cy>
    </calibration>
  </depth_map>
  <depth_map camera_id="179" level="2" path="2/d179.exr">
    <calibration type="frame">
      <resolution width="480" height="270"/>
      <f>283.93187125505619</f>
      <cx>6.4341798607427734</cx>
      <cy>-1.428499227291411</cy>
    </calibration>
  </depth_map>
  <depth_map camera_id="186" level="0" path="0/d186.exr">
    <calibration type="frame">
      <resolution width="1920" height="1080"/>
      <f>1135.7274850202248</f>
      <cx>25.736719442971093</cx>
      <cy>-5.713996909165644</cy>
    </calibration>
  </depth_map>
  <depth_map camera_id="186" level="1" path="1/d186.exr">
    <calibration type="frame">
      <resolution width="960" height="540"/>
      <f>567.86374251011239</f>
      <cx>12.868359721485547</cx>
      <cy>-2.856998454582822</cy>
    </calibration>
  </depth_map>
  <depth_map camera_id="186" level="2" path="2/d186.exr">
    <calibration type="frame">
      <resolution width="480" height="270"/>
      <f>283.93187125505619</f>
      <cx>6.4341798607427734</cx>
      <cy>-1.428499227291411</cy>
    </calibration>
  </depth_map>
  <depth_map camera_id="187" level="0" path="0/d187.exr">
    <calibration type="frame">
      <resolution width="1920" height="1080"/>
      <f>1135.7274850202248</f>
      <cx>25.736719442971093</cx>
      <cy>-5.713996909165644</cy>
    </calibration>
  </depth_map>
  <depth_map camera_id="187" level="1" path="1/d187.exr">
    <calibration type="frame">
      <resolution width="960" height="540"/>
      <f>567.86374251011239</f>
      <cx>12.868359721485547</cx>
      <cy>-2.856998454582822</cy>
    </calibration>
  </depth_map>
  <depth_map camera_id="187" level="2" path="2/d187.exr">
    <calibration type="frame">
      <resolution width="480" height="270"/>
      <f>283.93187125505619</f>
      <cx>6.4341798607427734</cx>
      <cy>-1.428499227291411</cy>
    </calibration>
  </depth_map>
  <depth_map camera_id="188" level="0" path="0/d188.exr">
    <calibration type="frame">
      <resolution width="1920" height="1080"/>
      <f>1135.7274850202248</f>
      <cx>25.736719442971093</cx>
      <cy>-5.713996909165644</cy>
    </calibration>
  </depth_map>
  <depth_map camera_id="188" level="1" path="1/d188.exr">
    <calibration type="frame">
      <resolution width="960" height="540"/>
      <f>567.86374251011239</f>
      <cx>12.868359721485547</cx>
      <cy>-2.856998454582822</cy>
    </calibration>
  </depth_map>
  <depth_map camera_id="188" level="2" path="2/d188.exr">
    <calibration type="frame">
      <resolution width="480" height="270"/>
      <f>283.93187125505619</f>
      <cx>6.4341798607427734</cx>
      <cy>-1.428499227291411</cy>
    </calibration>
  </depth_map>
  <depth_map camera_id="195" level="0" path="0/d195.exr">
    <calibration type="frame">
      <resolution width="1920" height="1080"/>
      <f>1135.7274850202248</f>
      <cx>25.736719442971093</cx>
      <cy>-5.713996909165644</cy>
    </calibration>
  </depth_map>
  <depth_map camera_id="195" level="1" path="1/d195.exr">
    <calibration type="frame">
      <resolution width="960" height="540"/>
      <f>567.86374251011239</f>
      <cx>12.868359721485547</cx>
      <cy>-2.856998454582822</cy>
    </calibration>
  </depth_map>
  <depth_map camera_id="195" level="2" path="2/d195.exr">
    <calibration type="frame">
      <resolution width="480" height="270"/>
      <f>283.93187125505619</f>
      <cx>6.4341798607427734</cx>
      <cy>-1.428499227291411</cy>
    </calibration>
  </depth_map>
  <depth_map camera_id="196" level="0" path="0/d196.exr">
    <calibration type="frame">
      <resolution width="1920" height="1080"/>
      <f>1135.7274850202248</f>
      <cx>25.736719442971093</cx>
      <cy>-5.713996909165644</cy>
    </calibration>
  </depth_map>
  <depth_map camera_id="196" level="1" path="1/d196.exr">
    <calibration type="frame">
      <resolution width="960" height="540"/>
      <f>567.86374251011239</f>
      <cx>12.868359721485547</cx>
      <cy>-2.856998454582822</cy>
    </calibration>
  </depth_map>
  <depth_map camera_id="196" level="2" path="2/d196.exr">
    <calibration type="frame">
      <resolution width="480" height="270"/>
      <f>283.93187125505619</f>
      <cx>6.4341798607427734</cx>
      <cy>-1.428499227291411</cy>
    </calibration>
  </depth_map>
  <depth_map camera_id="197" level="0" path="0/d197.exr">
    <calibration type="frame">
      <resolution width="1920" height="1080"/>
      <f>1135.7274850202248</f>
      <cx>25.736719442971093</cx>
      <cy>-5.713996909165644</cy>
    </calibration>
  </depth_map>
  <depth_map camera_id="197" level="1" path="1/d197.exr">
    <calibration type="frame">
      <resolution width="960" height="540"/>
      <f>567.86374251011239</f>
      <cx>12.868359721485547</cx>
      <cy>-2.856998454582822</cy>
    </calibration>
  </depth_map>
  <depth_map camera_id="197" level="2" path="2/d197.exr">
    <calibration type="frame">
      <resolution width="480" height="270"/>
      <f>283.93187125505619</f>
      <cx>6.4341798607427734</cx>
      <cy>-1.428499227291411</cy>
    </calibration>
  </depth_map>
  <depth_map camera_id="204" level="0" path="0/d204.exr">
    <calibration type="frame">
      <resolution width="1920" height="1080"/>
      <f>1135.7274850202248</f>
      <cx>25.736719442971093</cx>
      <cy>-5.713996909165644</cy>
    </calibration>
  </depth_map>
  <depth_map camera_id="204" level="1" path="1/d204.exr">
    <calibration type="frame">
      <resolution width="960" height="540"/>
      <f>567.86374251011239</f>
      <cx>12.868359721485547</cx>
      <cy>-2.856998454582822</cy>
    </calibration>
  </depth_map>
  <depth_map camera_id="204" level="2" path="2/d204.exr">
    <calibration type="frame">
      <resolution width="480" height="270"/>
      <f>283.93187125505619</f>
      <cx>6.4341798607427734</cx>
      <cy>-1.428499227291411</cy>
    </calibration>
  </depth_map>
  <depth_map camera_id="205" level="0" path="0/d205.exr">
    <calibration type="frame">
      <resolution width="1920" height="1080"/>
      <f>1135.7274850202248</f>
      <cx>25.736719442971093</cx>
      <cy>-5.713996909165644</cy>
    </calibration>
  </depth_map>
  <depth_map camera_id="205" level="1" path="1/d205.exr">
    <calibration type="frame">
      <resolution width="960" height="540"/>
      <f>567.86374251011239</f>
      <cx>12.868359721485547</cx>
      <cy>-2.856998454582822</cy>
    </calibration>
  </depth_map>
  <depth_map camera_id="205" level="2" path="2/d205.exr">
    <calibration type="frame">
      <resolution width="480" height="270"/>
      <f>283.93187125505619</f>
      <cx>6.4341798607427734</cx>
      <cy>-1.428499227291411</cy>
    </calibration>
  </depth_map>
  <depth_map camera_id="206" level="0" path="0/d206.exr">
    <calibration type="frame">
      <resolution width="1920" height="1080"/>
      <f>1135.7274850202248</f>
      <cx>25.736719442971093</cx>
      <cy>-5.713996909165644</cy>
    </calibration>
  </depth_map>
  <depth_map camera_id="206" level="1" path="1/d206.exr">
    <calibration type="frame">
      <resolution width="960" height="540"/>
      <f>567.86374251011239</f>
      <cx>12.868359721485547</cx>
      <cy>-2.856998454582822</cy>
    </calibration>
  </depth_map>
  <depth_map camera_id="206" level="2" path="2/d206.exr">
    <calibration type="frame">
      <resolution width="480" height="270"/>
      <f>283.93187125505619</f>
      <cx>6.4341798607427734</cx>
      <cy>-1.428499227291411</cy>
    </calibration>
  </depth_map>
  <depth_map camera_id="214" level="0" path="0/d214.exr">
    <calibration type="frame">
      <resolution width="1920" height="1080"/>
      <f>1135.7274850202248</f>
      <cx>25.736719442971093</cx>
      <cy>-5.713996909165644</cy>
    </calibration>
  </depth_map>
  <depth_map camera_id="214" level="1" path="1/d214.exr">
    <calibration type="frame">
      <resolution width="960" height="540"/>
      <f>567.86374251011239</f>
      <cx>12.868359721485547</cx>
      <cy>-2.856998454582822</cy>
    </calibration>
  </depth_map>
  <depth_map camera_id="214" level="2" path="2/d214.exr">
    <calibration type="frame">
      <resolution width="480" height="270"/>
      <f>283.93187125505619</f>
      <cx>6.4341798607427734</cx>
      <cy>-1.428499227291411</cy>
    </calibration>
  </depth_map>
  <depth_map camera_id="215" level="0" path="0/d215.exr">
    <calibration type="frame">
      <resolution width="1920" height="1080"/>
      <f>1135.7274850202248</f>
      <cx>25.736719442971093</cx>
      <cy>-5.713996909165644</cy>
    </calibration>
  </depth_map>
  <depth_map camera_id="215" level="1" path="1/d215.exr">
    <calibration type="frame">
      <resolution width="960" height="540"/>
      <f>567.86374251011239</f>
      <cx>12.868359721485547</cx>
      <cy>-2.856998454582822</cy>
    </calibration>
  </depth_map>
  <depth_map camera_id="215" level="2" path="2/d215.exr">
    <calibration type="frame">
      <resolution width="480" height="270"/>
      <f>283.93187125505619</f>
      <cx>6.4341798607427734</cx>
      <cy>-1.428499227291411</cy>
    </calibration>
  </depth_map>
</depth_maps>
