<?xml version="1.0" encoding="UTF-8"?>
<depth_maps version="1.5.0">
  <depth_map camera_id="2" level="0" path="0/d2.exr">
    <calibration type="frame">
      <resolution width="1920" height="1080"/>
      <f>1135.7274850202248</f>
      <cx>25.736719442971093</cx>
      <cy>-5.713996909165644</cy>
    </calibration>
  </depth_map>
  <depth_map camera_id="2" level="1" path="1/d2.exr">
    <calibration type="frame">
      <resolution width="960" height="540"/>
      <f>567.86374251011239</f>
      <cx>12.868359721485547</cx>
      <cy>-2.856998454582822</cy>
    </calibration>
  </depth_map>
  <depth_map camera_id="2" level="2" path="2/d2.exr">
    <calibration type="frame">
      <resolution width="480" height="270"/>
      <f>283.93187125505619</f>
      <cx>6.4341798607427734</cx>
      <cy>-1.428499227291411</cy>
    </calibration>
  </depth_map>
  <depth_map camera_id="5" level="0" path="0/d5.exr">
    <calibration type="frame">
      <resolution width="1920" height="1080"/>
      <f>1135.7274850202248</f>
      <cx>25.736719442971093</cx>
      <cy>-5.713996909165644</cy>
    </calibration>
  </depth_map>
  <depth_map camera_id="5" level="1" path="1/d5.exr">
    <calibration type="frame">
      <resolution width="960" height="540"/>
      <f>567.86374251011239</f>
      <cx>12.868359721485547</cx>
      <cy>-2.856998454582822</cy>
    </calibration>
  </depth_map>
  <depth_map camera_id="5" level="2" path="2/d5.exr">
    <calibration type="frame">
      <resolution width="480" height="270"/>
      <f>283.93187125505619</f>
      <cx>6.4341798607427734</cx>
      <cy>-1.428499227291411</cy>
    </calibration>
  </depth_map>
  <depth_map camera_id="244" level="0" path="0/d244.exr">
    <calibration type="frame">
      <resolution width="1920" height="1080"/>
      <f>1135.7274850202248</f>
      <cx>25.736719442971093</cx>
      <cy>-5.713996909165644</cy>
    </calibration>
  </depth_map>
  <depth_map camera_id="244" level="1" path="1/d244.exr">
    <calibration type="frame">
      <resolution width="960" height="540"/>
      <f>567.86374251011239</f>
      <cx>12.868359721485547</cx>
      <cy>-2.856998454582822</cy>
    </calibration>
  </depth_map>
  <depth_map camera_id="244" level="2" path="2/d244.exr">
    <calibration type="frame">
      <resolution width="480" height="270"/>
      <f>283.93187125505619</f>
      <cx>6.4341798607427734</cx>
      <cy>-1.428499227291411</cy>
    </calibration>
  </depth_map>
  <depth_map camera_id="245" level="0" path="0/d245.exr">
    <calibration type="frame">
      <resolution width="1920" height="1080"/>
      <f>1135.7274850202248</f>
      <cx>25.736719442971093</cx>
      <cy>-5.713996909165644</cy>
    </calibration>
  </depth_map>
  <depth_map camera_id="245" level="1" path="1/d245.exr">
    <calibration type="frame">
      <resolution width="960" height="540"/>
      <f>567.86374251011239</f>
      <cx>12.868359721485547</cx>
      <cy>-2.856998454582822</cy>
    </calibration>
  </depth_map>
  <depth_map camera_id="245" level="2" path="2/d245.exr">
    <calibration type="frame">
      <resolution width="480" height="270"/>
      <f>283.93187125505619</f>
      <cx>6.4341798607427734</cx>
      <cy>-1.428499227291411</cy>
    </calibration>
  </depth_map>
  <depth_map camera_id="252" level="0" path="0/d252.exr">
    <calibration type="frame">
      <resolution width="1920" height="1080"/>
      <f>1135.7274850202248</f>
      <cx>25.736719442971093</cx>
      <cy>-5.713996909165644</cy>
    </calibration>
  </depth_map>
  <depth_map camera_id="252" level="1" path="1/d252.exr">
    <calibration type="frame">
      <resolution width="960" height="540"/>
      <f>567.86374251011239</f>
      <cx>12.868359721485547</cx>
      <cy>-2.856998454582822</cy>
    </calibration>
  </depth_map>
  <depth_map camera_id="252" level="2" path="2/d252.exr">
    <calibration type="frame">
      <resolution width="480" height="270"/>
      <f>283.93187125505619</f>
      <cx>6.4341798607427734</cx>
      <cy>-1.428499227291411</cy>
    </calibration>
  </depth_map>
  <depth_map camera_id="253" level="0" path="0/d253.exr">
    <calibration type="frame">
      <resolution width="1920" height="1080"/>
      <f>1135.7274850202248</f>
      <cx>25.736719442971093</cx>
      <cy>-5.713996909165644</cy>
    </calibration>
  </depth_map>
  <depth_map camera_id="253" level="1" path="1/d253.exr">
    <calibration type="frame">
      <resolution width="960" height="540"/>
      <f>567.86374251011239</f>
      <cx>12.868359721485547</cx>
      <cy>-2.856998454582822</cy>
    </calibration>
  </depth_map>
  <depth_map camera_id="253" level="2" path="2/d253.exr">
    <calibration type="frame">
      <resolution width="480" height="270"/>
      <f>283.93187125505619</f>
      <cx>6.4341798607427734</cx>
      <cy>-1.428499227291411</cy>
    </calibration>
  </depth_map>
  <depth_map camera_id="254" level="0" path="0/d254.exr">
    <calibration type="frame">
      <resolution width="1920" height="1080"/>
      <f>1135.7274850202248</f>
      <cx>25.736719442971093</cx>
      <cy>-5.713996909165644</cy>
    </calibration>
  </depth_map>
  <depth_map camera_id="254" level="1" path="1/d254.exr">
    <calibration type="frame">
      <resolution width="960" height="540"/>
      <f>567.86374251011239</f>
      <cx>12.868359721485547</cx>
      <cy>-2.856998454582822</cy>
    </calibration>
  </depth_map>
  <depth_map camera_id="254" level="2" path="2/d254.exr">
    <calibration type="frame">
      <resolution width="480" height="270"/>
      <f>283.93187125505619</f>
      <cx>6.4341798607427734</cx>
      <cy>-1.428499227291411</cy>
    </calibration>
  </depth_map>
  <depth_map camera_id="255" level="0" path="0/d255.exr">
    <calibration type="frame">
      <resolution width="1920" height="1080"/>
      <f>1135.7274850202248</f>
      <cx>25.736719442971093</cx>
      <cy>-5.713996909165644</cy>
    </calibration>
  </depth_map>
  <depth_map camera_id="255" level="1" path="1/d255.exr">
    <calibration type="frame">
      <resolution width="960" height="540"/>
      <f>567.86374251011239</f>
      <cx>12.868359721485547</cx>
      <cy>-2.856998454582822</cy>
    </calibration>
  </depth_map>
  <depth_map camera_id="255" level="2" path="2/d255.exr">
    <calibration type="frame">
      <resolution width="480" height="270"/>
      <f>283.93187125505619</f>
      <cx>6.4341798607427734</cx>
      <cy>-1.428499227291411</cy>
    </calibration>
  </depth_map>
  <depth_map camera_id="256" level="0" path="0/d256.exr">
    <calibration type="frame">
      <resolution width="1920" height="1080"/>
      <f>1135.7274850202248</f>
      <cx>25.736719442971093</cx>
      <cy>-5.713996909165644</cy>
    </calibration>
  </depth_map>
  <depth_map camera_id="256" level="1" path="1/d256.exr">
    <calibration type="frame">
      <resolution width="960" height="540"/>
      <f>567.86374251011239</f>
      <cx>12.868359721485547</cx>
      <cy>-2.856998454582822</cy>
    </calibration>
  </depth_map>
  <depth_map camera_id="256" level="2" path="2/d256.exr">
    <calibration type="frame">
      <resolution width="480" height="270"/>
      <f>283.93187125505619</f>
      <cx>6.4341798607427734</cx>
      <cy>-1.428499227291411</cy>
    </calibration>
  </depth_map>
  <depth_map camera_id="257" level="0" path="0/d257.exr">
    <calibration type="frame">
      <resolution width="1920" height="1080"/>
      <f>1135.7274850202248</f>
      <cx>25.736719442971093</cx>
      <cy>-5.713996909165644</cy>
    </calibration>
  </depth_map>
  <depth_map camera_id="257" level="1" path="1/d257.exr">
    <calibration type="frame">
      <resolution width="960" height="540"/>
      <f>567.86374251011239</f>
      <cx>12.868359721485547</cx>
      <cy>-2.856998454582822</cy>
    </calibration>
  </depth_map>
  <depth_map camera_id="257" level="2" path="2/d257.exr">
    <calibration type="frame">
      <resolution width="480" height="270"/>
      <f>283.93187125505619</f>
      <cx>6.4341798607427734</cx>
      <cy>-1.428499227291411</cy>
    </calibration>
  </depth_map>
  <depth_map camera_id="261" level="0" path="0/d261.exr">
    <calibration type="frame">
      <resolution width="1920" height="1080"/>
      <f>1135.7274850202248</f>
      <cx>25.736719442971093</cx>
      <cy>-5.713996909165644</cy>
    </calibration>
  </depth_map>
  <depth_map camera_id="261" level="1" path="1/d261.exr">
    <calibration type="frame">
      <resolution width="960" height="540"/>
      <f>567.86374251011239</f>
      <cx>12.868359721485547</cx>
      <cy>-2.856998454582822</cy>
    </calibration>
  </depth_map>
  <depth_map camera_id="261" level="2" path="2/d261.exr">
    <calibration type="frame">
      <resolution width="480" height="270"/>
      <f>283.93187125505619</f>
      <cx>6.4341798607427734</cx>
      <cy>-1.428499227291411</cy>
    </calibration>
  </depth_map>
  <depth_map camera_id="262" level="0" path="0/d262.exr">
    <calibration type="frame">
      <resolution width="1920" height="1080"/>
      <f>1135.7274850202248</f>
      <cx>25.736719442971093</cx>
      <cy>-5.713996909165644</cy>
    </calibration>
  </depth_map>
  <depth_map camera_id="262" level="1" path="1/d262.exr">
    <calibration type="frame">
      <resolution width="960" height="540"/>
      <f>567.86374251011239</f>
      <cx>12.868359721485547</cx>
      <cy>-2.856998454582822</cy>
    </calibration>
  </depth_map>
  <depth_map camera_id="262" level="2" path="2/d262.exr">
    <calibration type="frame">
      <resolution width="480" height="270"/>
      <f>283.93187125505619</f>
      <cx>6.4341798607427734</cx>
      <cy>-1.428499227291411</cy>
    </calibration>
  </depth_map>
  <depth_map camera_id="263" level="0" path="0/d263.exr">
    <calibration type="frame">
      <resolution width="1920" height="1080"/>
      <f>1135.7274850202248</f>
      <cx>25.736719442971093</cx>
      <cy>-5.713996909165644</cy>
    </calibration>
  </depth_map>
  <depth_map camera_id="263" level="1" path="1/d263.exr">
    <calibration type="frame">
      <resolution width="960" height="540"/>
      <f>567.86374251011239</f>
      <cx>12.868359721485547</cx>
      <cy>-2.856998454582822</cy>
    </calibration>
  </depth_map>
  <depth_map camera_id="263" level="2" path="2/d263.exr">
    <calibration type="frame">
      <resolution width="480" height="270"/>
      <f>283.93187125505619</f>
      <cx>6.4341798607427734</cx>
      <cy>-1.428499227291411</cy>
    </calibration>
  </depth_map>
  <depth_map camera_id="266" level="0" path="0/d266.exr">
    <calibration type="frame">
      <resolution width="1920" height="1080"/>
      <f>1135.7274850202248</f>
      <cx>25.736719442971093</cx>
      <cy>-5.713996909165644</cy>
    </calibration>
  </depth_map>
  <depth_map camera_id="266" level="1" path="1/d266.exr">
    <calibration type="frame">
      <resolution width="960" height="540"/>
      <f>567.86374251011239</f>
      <cx>12.868359721485547</cx>
      <cy>-2.856998454582822</cy>
    </calibration>
  </depth_map>
  <depth_map camera_id="266" level="2" path="2/d266.exr">
    <calibration type="frame">
      <resolution width="480" height="270"/>
      <f>283.93187125505619</f>
      <cx>6.4341798607427734</cx>
      <cy>-1.428499227291411</cy>
    </calibration>
  </depth_map>
  <depth_map camera_id="270" level="0" path="0/d270.exr">
    <calibration type="frame">
      <resolution width="1920" height="1080"/>
      <f>1135.7274850202248</f>
      <cx>25.736719442971093</cx>
      <cy>-5.713996909165644</cy>
    </calibration>
  </depth_map>
  <depth_map camera_id="270" level="1" path="1/d270.exr">
    <calibration type="frame">
      <resolution width="960" height="540"/>
      <f>567.86374251011239</f>
      <cx>12.868359721485547</cx>
      <cy>-2.856998454582822</cy>
    </calibration>
  </depth_map>
  <depth_map camera_id="270" level="2" path="2/d270.exr">
    <calibration type="frame">
      <resolution width="480" height="270"/>
      <f>283.93187125505619</f>
      <cx>6.4341798607427734</cx>
      <cy>-1.428499227291411</cy>
    </calibration>
  </depth_map>
  <depth_map camera_id="271" level="0" path="0/d271.exr">
    <calibration type="frame">
      <resolution width="1920" height="1080"/>
      <f>1135.7274850202248</f>
      <cx>25.736719442971093</cx>
      <cy>-5.713996909165644</cy>
    </calibration>
  </depth_map>
  <depth_map camera_id="271" level="1" path="1/d271.exr">
    <calibration type="frame">
      <resolution width="960" height="540"/>
      <f>567.86374251011239</f>
      <cx>12.868359721485547</cx>
      <cy>-2.856998454582822</cy>
    </calibration>
  </depth_map>
  <depth_map camera_id="271" level="2" path="2/d271.exr">
    <calibration type="frame">
      <resolution width="480" height="270"/>
      <f>283.93187125505619</f>
      <cx>6.4341798607427734</cx>
      <cy>-1.428499227291411</cy>
    </calibration>
  </depth_map>
  <depth_map camera_id="272" level="0" path="0/d272.exr">
    <calibration type="frame">
      <resolution width="1920" height="1080"/>
      <f>1135.7274850202248</f>
      <cx>25.736719442971093</cx>
      <cy>-5.713996909165644</cy>
    </calibration>
  </depth_map>
  <depth_map camera_id="272" level="1" path="1/d272.exr">
    <calibration type="frame">
      <resolution width="960" height="540"/>
      <f>567.86374251011239</f>
      <cx>12.868359721485547</cx>
      <cy>-2.856998454582822</cy>
    </calibration>
  </depth_map>
  <depth_map camera_id="272" level="2" path="2/d272.exr">
    <calibration type="frame">
      <resolution width="480" height="270"/>
      <f>283.93187125505619</f>
      <cx>6.4341798607427734</cx>
      <cy>-1.428499227291411</cy>
    </calibration>
  </depth_map>
  <depth_map camera_id="274" level="0" path="0/d274.exr">
    <calibration type="frame">
      <resolution width="1920" height="1080"/>
      <f>1135.7274850202248</f>
      <cx>25.736719442971093</cx>
      <cy>-5.713996909165644</cy>
    </calibration>
  </depth_map>
  <depth_map camera_id="274" level="1" path="1/d274.exr">
    <calibration type="frame">
      <resolution width="960" height="540"/>
      <f>567.86374251011239</f>
      <cx>12.868359721485547</cx>
      <cy>-2.856998454582822</cy>
    </calibration>
  </depth_map>
  <depth_map camera_id="274" level="2" path="2/d274.exr">
    <calibration type="frame">
      <resolution width="480" height="270"/>
      <f>283.93187125505619</f>
      <cx>6.4341798607427734</cx>
      <cy>-1.428499227291411</cy>
    </calibration>
  </depth_map>
  <depth_map camera_id="275" level="0" path="0/d275.exr">
    <calibration type="frame">
      <resolution width="1920" height="1080"/>
      <f>1135.7274850202248</f>
      <cx>25.736719442971093</cx>
      <cy>-5.713996909165644</cy>
    </calibration>
  </depth_map>
  <depth_map camera_id="275" level="1" path="1/d275.exr">
    <calibration type="frame">
      <resolution width="960" height="540"/>
      <f>567.86374251011239</f>
      <cx>12.868359721485547</cx>
      <cy>-2.856998454582822</cy>
    </calibration>
  </depth_map>
  <depth_map camera_id="275" level="2" path="2/d275.exr">
    <calibration type="frame">
      <resolution width="480" height="270"/>
      <f>283.93187125505619</f>
      <cx>6.4341798607427734</cx>
      <cy>-1.428499227291411</cy>
    </calibration>
  </depth_map>
  <depth_map camera_id="279" level="0" path="0/d279.exr">
    <calibration type="frame">
      <resolution width="1920" height="1080"/>
      <f>1135.7274850202248</f>
      <cx>25.736719442971093</cx>
      <cy>-5.713996909165644</cy>
    </calibration>
  </depth_map>
  <depth_map camera_id="279" level="1" path="1/d279.exr">
    <calibration type="frame">
      <resolution width="960" height="540"/>
      <f>567.86374251011239</f>
      <cx>12.868359721485547</cx>
      <cy>-2.856998454582822</cy>
    </calibration>
  </depth_map>
  <depth_map camera_id="279" level="2" path="2/d279.exr">
    <calibration type="frame">
      <resolution width="480" height="270"/>
      <f>283.93187125505619</f>
      <cx>6.4341798607427734</cx>
      <cy>-1.428499227291411</cy>
    </calibration>
  </depth_map>
  <depth_map camera_id="280" level="0" path="0/d280.exr">
    <calibration type="frame">
      <resolution width="1920" height="1080"/>
      <f>1135.7274850202248</f>
      <cx>25.736719442971093</cx>
      <cy>-5.713996909165644</cy>
    </calibration>
  </depth_map>
  <depth_map camera_id="280" level="1" path="1/d280.exr">
    <calibration type="frame">
      <resolution width="960" height="540"/>
      <f>567.86374251011239</f>
      <cx>12.868359721485547</cx>
      <cy>-2.856998454582822</cy>
    </calibration>
  </depth_map>
  <depth_map camera_id="280" level="2" path="2/d280.exr">
    <calibration type="frame">
      <resolution width="480" height="270"/>
      <f>283.93187125505619</f>
      <cx>6.4341798607427734</cx>
      <cy>-1.428499227291411</cy>
    </calibration>
  </depth_map>
  <depth_map camera_id="281" level="0" path="0/d281.exr">
    <calibration type="frame">
      <resolution width="1920" height="1080"/>
      <f>1135.7274850202248</f>
      <cx>25.736719442971093</cx>
      <cy>-5.713996909165644</cy>
    </calibration>
  </depth_map>
  <depth_map camera_id="281" level="1" path="1/d281.exr">
    <calibration type="frame">
      <resolution width="960" height="540"/>
      <f>567.86374251011239</f>
      <cx>12.868359721485547</cx>
      <cy>-2.856998454582822</cy>
    </calibration>
  </depth_map>
  <depth_map camera_id="281" level="2" path="2/d281.exr">
    <calibration type="frame">
      <resolution width="480" height="270"/>
      <f>283.93187125505619</f>
      <cx>6.4341798607427734</cx>
      <cy>-1.428499227291411</cy>
    </calibration>
  </depth_map>
  <depth_map camera_id="282" level="0" path="0/d282.exr">
    <calibration type="frame">
      <resolution width="1920" height="1080"/>
      <f>1135.7274850202248</f>
      <cx>25.736719442971093</cx>
      <cy>-5.713996909165644</cy>
    </calibration>
  </depth_map>
  <depth_map camera_id="282" level="1" path="1/d282.exr">
    <calibration type="frame">
      <resolution width="960" height="540"/>
      <f>567.86374251011239</f>
      <cx>12.868359721485547</cx>
      <cy>-2.856998454582822</cy>
    </calibration>
  </depth_map>
  <depth_map camera_id="282" level="2" path="2/d282.exr">
    <calibration type="frame">
      <resolution width="480" height="270"/>
      <f>283.93187125505619</f>
      <cx>6.4341798607427734</cx>
      <cy>-1.428499227291411</cy>
    </calibration>
  </depth_map>
  <depth_map camera_id="283" level="0" path="0/d283.exr">
    <calibration type="frame">
      <resolution width="1920" height="1080"/>
      <f>1135.7274850202248</f>
      <cx>25.736719442971093</cx>
      <cy>-5.713996909165644</cy>
    </calibration>
  </depth_map>
  <depth_map camera_id="283" level="1" path="1/d283.exr">
    <calibration type="frame">
      <resolution width="960" height="540"/>
      <f>567.86374251011239</f>
      <cx>12.868359721485547</cx>
      <cy>-2.856998454582822</cy>
    </calibration>
  </depth_map>
  <depth_map camera_id="283" level="2" path="2/d283.exr">
    <calibration type="frame">
      <resolution width="480" height="270"/>
      <f>283.93187125505619</f>
      <cx>6.4341798607427734</cx>
      <cy>-1.428499227291411</cy>
    </calibration>
  </depth_map>
  <depth_map camera_id="284" level="0" path="0/d284.exr">
    <calibration type="frame">
      <resolution width="1920" height="1080"/>
      <f>1135.7274850202248</f>
      <cx>25.736719442971093</cx>
      <cy>-5.713996909165644</cy>
    </calibration>
  </depth_map>
  <depth_map camera_id="284" level="1" path="1/d284.exr">
    <calibration type="frame">
      <resolution width="960" height="540"/>
      <f>567.86374251011239</f>
      <cx>12.868359721485547</cx>
      <cy>-2.856998454582822</cy>
    </calibration>
  </depth_map>
  <depth_map camera_id="284" level="2" path="2/d284.exr">
    <calibration type="frame">
      <resolution width="480" height="270"/>
      <f>283.93187125505619</f>
      <cx>6.4341798607427734</cx>
      <cy>-1.428499227291411</cy>
    </calibration>
  </depth_map>
  <depth_map camera_id="288" level="0" path="0/d288.exr">
    <calibration type="frame">
      <resolution width="1920" height="1080"/>
      <f>1135.7274850202248</f>
      <cx>25.736719442971093</cx>
      <cy>-5.713996909165644</cy>
    </calibration>
  </depth_map>
  <depth_map camera_id="288" level="1" path="1/d288.exr">
    <calibration type="frame">
      <resolution width="960" height="540"/>
      <f>567.86374251011239</f>
      <cx>12.868359721485547</cx>
      <cy>-2.856998454582822</cy>
    </calibration>
  </depth_map>
  <depth_map camera_id="288" level="2" path="2/d288.exr">
    <calibration type="frame">
      <resolution width="480" height="270"/>
      <f>283.93187125505619</f>
      <cx>6.4341798607427734</cx>
      <cy>-1.428499227291411</cy>
    </calibration>
  </depth_map>
  <depth_map camera_id="289" level="0" path="0/d289.exr">
    <calibration type="frame">
      <resolution width="1920" height="1080"/>
      <f>1135.7274850202248</f>
      <cx>25.736719442971093</cx>
      <cy>-5.713996909165644</cy>
    </calibration>
  </depth_map>
  <depth_map camera_id="289" level="1" path="1/d289.exr">
    <calibration type="frame">
      <resolution width="960" height="540"/>
      <f>567.86374251011239</f>
      <cx>12.868359721485547</cx>
      <cy>-2.856998454582822</cy>
    </calibration>
  </depth_map>
  <depth_map camera_id="289" level="2" path="2/d289.exr">
    <calibration type="frame">
      <resolution width="480" height="270"/>
      <f>283.93187125505619</f>
      <cx>6.4341798607427734</cx>
      <cy>-1.428499227291411</cy>
    </calibration>
  </depth_map>
  <depth_map camera_id="290" level="0" path="0/d290.exr">
    <calibration type="frame">
      <resolution width="1920" height="1080"/>
      <f>1135.7274850202248</f>
      <cx>25.736719442971093</cx>
      <cy>-5.713996909165644</cy>
    </calibration>
  </depth_map>
  <depth_map camera_id="290" level="1" path="1/d290.exr">
    <calibration type="frame">
      <resolution width="960" height="540"/>
      <f>567.86374251011239</f>
      <cx>12.868359721485547</cx>
      <cy>-2.856998454582822</cy>
    </calibration>
  </depth_map>
  <depth_map camera_id="290" level="2" path="2/d290.exr">
    <calibration type="frame">
      <resolution width="480" height="270"/>
      <f>283.93187125505619</f>
      <cx>6.4341798607427734</cx>
      <cy>-1.428499227291411</cy>
    </calibration>
  </depth_map>
  <depth_map camera_id="292" level="0" path="0/d292.exr">
    <calibration type="frame">
      <resolution width="1920" height="1080"/>
      <f>1135.7274850202248</f>
      <cx>25.736719442971093</cx>
      <cy>-5.713996909165644</cy>
    </calibration>
  </depth_map>
  <depth_map camera_id="292" level="1" path="1/d292.exr">
    <calibration type="frame">
      <resolution width="960" height="540"/>
      <f>567.86374251011239</f>
      <cx>12.868359721485547</cx>
      <cy>-2.856998454582822</cy>
    </calibration>
  </depth_map>
  <depth_map camera_id="292" level="2" path="2/d292.exr">
    <calibration type="frame">
      <resolution width="480" height="270"/>
      <f>283.93187125505619</f>
      <cx>6.4341798607427734</cx>
      <cy>-1.428499227291411</cy>
    </calibration>
  </depth_map>
  <depth_map camera_id="293" level="0" path="0/d293.exr">
    <calibration type="frame">
      <resolution width="1920" height="1080"/>
      <f>1135.7274850202248</f>
      <cx>25.736719442971093</cx>
      <cy>-5.713996909165644</cy>
    </calibration>
  </depth_map>
  <depth_map camera_id="293" level="1" path="1/d293.exr">
    <calibration type="frame">
      <resolution width="960" height="540"/>
      <f>567.86374251011239</f>
      <cx>12.868359721485547</cx>
      <cy>-2.856998454582822</cy>
    </calibration>
  </depth_map>
  <depth_map camera_id="293" level="2" path="2/d293.exr">
    <calibration type="frame">
      <resolution width="480" height="270"/>
      <f>283.93187125505619</f>
      <cx>6.4341798607427734</cx>
      <cy>-1.428499227291411</cy>
    </calibration>
  </depth_map>
  <depth_map camera_id="297" level="0" path="0/d297.exr">
    <calibration type="frame">
      <resolution width="1920" height="1080"/>
      <f>1135.7274850202248</f>
      <cx>25.736719442971093</cx>
      <cy>-5.713996909165644</cy>
    </calibration>
  </depth_map>
  <depth_map camera_id="297" level="1" path="1/d297.exr">
    <calibration type="frame">
      <resolution width="960" height="540"/>
      <f>567.86374251011239</f>
      <cx>12.868359721485547</cx>
      <cy>-2.856998454582822</cy>
    </calibration>
  </depth_map>
  <depth_map camera_id="297" level="2" path="2/d297.exr">
    <calibration type="frame">
      <resolution width="480" height="270"/>
      <f>283.93187125505619</f>
      <cx>6.4341798607427734</cx>
      <cy>-1.428499227291411</cy>
    </calibration>
  </depth_map>
  <depth_map camera_id="298" level="0" path="0/d298.exr">
    <calibration type="frame">
      <resolution width="1920" height="1080"/>
      <f>1135.7274850202248</f>
      <cx>25.736719442971093</cx>
      <cy>-5.713996909165644</cy>
    </calibration>
  </depth_map>
  <depth_map camera_id="298" level="1" path="1/d298.exr">
    <calibration type="frame">
      <resolution width="960" height="540"/>
      <f>567.86374251011239</f>
      <cx>12.868359721485547</cx>
      <cy>-2.856998454582822</cy>
    </calibration>
  </depth_map>
  <depth_map camera_id="298" level="2" path="2/d298.exr">
    <calibration type="frame">
      <resolution width="480" height="270"/>
      <f>283.93187125505619</f>
      <cx>6.4341798607427734</cx>
      <cy>-1.428499227291411</cy>
    </calibration>
  </depth_map>
  <depth_map camera_id="299" level="0" path="0/d299.exr">
    <calibration type="frame">
      <resolution width="1920" height="1080"/>
      <f>1135.7274850202248</f>
      <cx>25.736719442971093</cx>
      <cy>-5.713996909165644</cy>
    </calibration>
  </depth_map>
  <depth_map camera_id="299" level="1" path="1/d299.exr">
    <calibration type="frame">
      <resolution width="960" height="540"/>
      <f>567.86374251011239</f>
      <cx>12.868359721485547</cx>
      <cy>-2.856998454582822</cy>
    </calibration>
  </depth_map>
  <depth_map camera_id="299" level="2" path="2/d299.exr">
    <calibration type="frame">
      <resolution width="480" height="270"/>
      <f>283.93187125505619</f>
      <cx>6.4341798607427734</cx>
      <cy>-1.428499227291411</cy>
    </calibration>
  </depth_map>
  <depth_map camera_id="301" level="0" path="0/d301.exr">
    <calibration type="frame">
      <resolution width="1920" height="1080"/>
      <f>1135.7274850202248</f>
      <cx>25.736719442971093</cx>
      <cy>-5.713996909165644</cy>
    </calibration>
  </depth_map>
  <depth_map camera_id="301" level="1" path="1/d301.exr">
    <calibration type="frame">
      <resolution width="960" height="540"/>
      <f>567.86374251011239</f>
      <cx>12.868359721485547</cx>
      <cy>-2.856998454582822</cy>
    </calibration>
  </depth_map>
  <depth_map camera_id="301" level="2" path="2/d301.exr">
    <calibration type="frame">
      <resolution width="480" height="270"/>
      <f>283.93187125505619</f>
      <cx>6.4341798607427734</cx>
      <cy>-1.428499227291411</cy>
    </calibration>
  </depth_map>
  <depth_map camera_id="302" level="0" path="0/d302.exr">
    <calibration type="frame">
      <resolution width="1920" height="1080"/>
      <f>1135.7274850202248</f>
      <cx>25.736719442971093</cx>
      <cy>-5.713996909165644</cy>
    </calibration>
  </depth_map>
  <depth_map camera_id="302" level="1" path="1/d302.exr">
    <calibration type="frame">
      <resolution width="960" height="540"/>
      <f>567.86374251011239</f>
      <cx>12.868359721485547</cx>
      <cy>-2.856998454582822</cy>
    </calibration>
  </depth_map>
  <depth_map camera_id="302" level="2" path="2/d302.exr">
    <calibration type="frame">
      <resolution width="480" height="270"/>
      <f>283.93187125505619</f>
      <cx>6.4341798607427734</cx>
      <cy>-1.428499227291411</cy>
    </calibration>
  </depth_map>
  <depth_map camera_id="306" level="0" path="0/d306.exr">
    <calibration type="frame">
      <resolution width="1920" height="1080"/>
      <f>1135.7274850202248</f>
      <cx>25.736719442971093</cx>
      <cy>-5.713996909165644</cy>
    </calibration>
  </depth_map>
  <depth_map camera_id="306" level="1" path="1/d306.exr">
    <calibration type="frame">
      <resolution width="960" height="540"/>
      <f>567.86374251011239</f>
      <cx>12.868359721485547</cx>
      <cy>-2.856998454582822</cy>
    </calibration>
  </depth_map>
  <depth_map camera_id="306" level="2" path="2/d306.exr">
    <calibration type="frame">
      <resolution width="480" height="270"/>
      <f>283.93187125505619</f>
      <cx>6.4341798607427734</cx>
      <cy>-1.428499227291411</cy>
    </calibration>
  </depth_map>
  <depth_map camera_id="307" level="0" path="0/d307.exr">
    <calibration type="frame">
      <resolution width="1920" height="1080"/>
      <f>1135.7274850202248</f>
      <cx>25.736719442971093</cx>
      <cy>-5.713996909165644</cy>
    </calibration>
  </depth_map>
  <depth_map camera_id="307" level="1" path="1/d307.exr">
    <calibration type="frame">
      <resolution width="960" height="540"/>
      <f>567.86374251011239</f>
      <cx>12.868359721485547</cx>
      <cy>-2.856998454582822</cy>
    </calibration>
  </depth_map>
  <depth_map camera_id="307" level="2" path="2/d307.exr">
    <calibration type="frame">
      <resolution width="480" height="270"/>
      <f>283.93187125505619</f>
      <cx>6.4341798607427734</cx>
      <cy>-1.428499227291411</cy>
    </calibration>
  </depth_map>
  <depth_map camera_id="308" level="0" path="0/d308.exr">
    <calibration type="frame">
      <resolution width="1920" height="1080"/>
      <f>1135.7274850202248</f>
      <cx>25.736719442971093</cx>
      <cy>-5.713996909165644</cy>
    </calibration>
  </depth_map>
  <depth_map camera_id="308" level="1" path="1/d308.exr">
    <calibration type="frame">
      <resolution width="960" height="540"/>
      <f>567.86374251011239</f>
      <cx>12.868359721485547</cx>
      <cy>-2.856998454582822</cy>
    </calibration>
  </depth_map>
  <depth_map camera_id="308" level="2" path="2/d308.exr">
    <calibration type="frame">
      <resolution width="480" height="270"/>
      <f>283.93187125505619</f>
      <cx>6.4341798607427734</cx>
      <cy>-1.428499227291411</cy>
    </calibration>
  </depth_map>
  <depth_map camera_id="309" level="0" path="0/d309.exr">
    <calibration type="frame">
      <resolution width="1920" height="1080"/>
      <f>1135.7274850202248</f>
      <cx>25.736719442971093</cx>
      <cy>-5.713996909165644</cy>
    </calibration>
  </depth_map>
  <depth_map camera_id="309" level="1" path="1/d309.exr">
    <calibration type="frame">
      <resolution width="960" height="540"/>
      <f>567.86374251011239</f>
      <cx>12.868359721485547</cx>
      <cy>-2.856998454582822</cy>
    </calibration>
  </depth_map>
  <depth_map camera_id="309" level="2" path="2/d309.exr">
    <calibration type="frame">
      <resolution width="480" height="270"/>
      <f>283.93187125505619</f>
      <cx>6.4341798607427734</cx>
      <cy>-1.428499227291411</cy>
    </calibration>
  </depth_map>
  <depth_map camera_id="310" level="0" path="0/d310.exr">
    <calibration type="frame">
      <resolution width="1920" height="1080"/>
      <f>1135.7274850202248</f>
      <cx>25.736719442971093</cx>
      <cy>-5.713996909165644</cy>
    </calibration>
  </depth_map>
  <depth_map camera_id="310" level="1" path="1/d310.exr">
    <calibration type="frame">
      <resolution width="960" height="540"/>
      <f>567.86374251011239</f>
      <cx>12.868359721485547</cx>
      <cy>-2.856998454582822</cy>
    </calibration>
  </depth_map>
  <depth_map camera_id="310" level="2" path="2/d310.exr">
    <calibration type="frame">
      <resolution width="480" height="270"/>
      <f>283.93187125505619</f>
      <cx>6.4341798607427734</cx>
      <cy>-1.428499227291411</cy>
    </calibration>
  </depth_map>
  <depth_map camera_id="311" level="0" path="0/d311.exr">
    <calibration type="frame">
      <resolution width="1920" height="1080"/>
      <f>1135.7274850202248</f>
      <cx>25.736719442971093</cx>
      <cy>-5.713996909165644</cy>
    </calibration>
  </depth_map>
  <depth_map camera_id="311" level="1" path="1/d311.exr">
    <calibration type="frame">
      <resolution width="960" height="540"/>
      <f>567.86374251011239</f>
      <cx>12.868359721485547</cx>
      <cy>-2.856998454582822</cy>
    </calibration>
  </depth_map>
  <depth_map camera_id="311" level="2" path="2/d311.exr">
    <calibration type="frame">
      <resolution width="480" height="270"/>
      <f>283.93187125505619</f>
      <cx>6.4341798607427734</cx>
      <cy>-1.428499227291411</cy>
    </calibration>
  </depth_map>
  <depth_map camera_id="316" level="0" path="0/d316.exr">
    <calibration type="frame">
      <resolution width="1920" height="1080"/>
      <f>1135.7274850202248</f>
      <cx>25.736719442971093</cx>
      <cy>-5.713996909165644</cy>
    </calibration>
  </depth_map>
  <depth_map camera_id="316" level="1" path="1/d316.exr">
    <calibration type="frame">
      <resolution width="960" height="540"/>
      <f>567.86374251011239</f>
      <cx>12.868359721485547</cx>
      <cy>-2.856998454582822</cy>
    </calibration>
  </depth_map>
  <depth_map camera_id="316" level="2" path="2/d316.exr">
    <calibration type="frame">
      <resolution width="480" height="270"/>
      <f>283.93187125505619</f>
      <cx>6.4341798607427734</cx>
      <cy>-1.428499227291411</cy>
    </calibration>
  </depth_map>
  <depth_map camera_id="317" level="0" path="0/d317.exr">
    <calibration type="frame">
      <resolution width="1920" height="1080"/>
      <f>1135.7274850202248</f>
      <cx>25.736719442971093</cx>
      <cy>-5.713996909165644</cy>
    </calibration>
  </depth_map>
  <depth_map camera_id="317" level="1" path="1/d317.exr">
    <calibration type="frame">
      <resolution width="960" height="540"/>
      <f>567.86374251011239</f>
      <cx>12.868359721485547</cx>
      <cy>-2.856998454582822</cy>
    </calibration>
  </depth_map>
  <depth_map camera_id="317" level="2" path="2/d317.exr">
    <calibration type="frame">
      <resolution width="480" height="270"/>
      <f>283.93187125505619</f>
      <cx>6.4341798607427734</cx>
      <cy>-1.428499227291411</cy>
    </calibration>
  </depth_map>
  <depth_map camera_id="318" level="0" path="0/d318.exr">
    <calibration type="frame">
      <resolution width="1920" height="1080"/>
      <f>1135.7274850202248</f>
      <cx>25.736719442971093</cx>
      <cy>-5.713996909165644</cy>
    </calibration>
  </depth_map>
  <depth_map camera_id="318" level="1" path="1/d318.exr">
    <calibration type="frame">
      <resolution width="960" height="540"/>
      <f>567.86374251011239</f>
      <cx>12.868359721485547</cx>
      <cy>-2.856998454582822</cy>
    </calibration>
  </depth_map>
  <depth_map camera_id="318" level="2" path="2/d318.exr">
    <calibration type="frame">
      <resolution width="480" height="270"/>
      <f>283.93187125505619</f>
      <cx>6.4341798607427734</cx>
      <cy>-1.428499227291411</cy>
    </calibration>
  </depth_map>
  <depth_map camera_id="319" level="0" path="0/d319.exr">
    <calibration type="frame">
      <resolution width="1920" height="1080"/>
      <f>1135.7274850202248</f>
      <cx>25.736719442971093</cx>
      <cy>-5.713996909165644</cy>
    </calibration>
  </depth_map>
  <depth_map camera_id="319" level="1" path="1/d319.exr">
    <calibration type="frame">
      <resolution width="960" height="540"/>
      <f>567.86374251011239</f>
      <cx>12.868359721485547</cx>
      <cy>-2.856998454582822</cy>
    </calibration>
  </depth_map>
  <depth_map camera_id="319" level="2" path="2/d319.exr">
    <calibration type="frame">
      <resolution width="480" height="270"/>
      <f>283.93187125505619</f>
      <cx>6.4341798607427734</cx>
      <cy>-1.428499227291411</cy>
    </calibration>
  </depth_map>
  <depth_map camera_id="320" level="0" path="0/d320.exr">
    <calibration type="frame">
      <resolution width="1920" height="1080"/>
      <f>1135.7274850202248</f>
      <cx>25.736719442971093</cx>
      <cy>-5.713996909165644</cy>
    </calibration>
  </depth_map>
  <depth_map camera_id="320" level="1" path="1/d320.exr">
    <calibration type="frame">
      <resolution width="960" height="540"/>
      <f>567.86374251011239</f>
      <cx>12.868359721485547</cx>
      <cy>-2.856998454582822</cy>
    </calibration>
  </depth_map>
  <depth_map camera_id="320" level="2" path="2/d320.exr">
    <calibration type="frame">
      <resolution width="480" height="270"/>
      <f>283.93187125505619</f>
      <cx>6.4341798607427734</cx>
      <cy>-1.428499227291411</cy>
    </calibration>
  </depth_map>
</depth_maps>
