<?xml version="1.0" encoding="UTF-8"?>
<depth_maps version="1.5.0">
  <depth_map camera_id="27" level="0" path="0/d27.exr">
    <calibration type="frame">
      <resolution width="1920" height="1080"/>
      <f>1135.7274850202248</f>
      <cx>25.736719442971093</cx>
      <cy>-5.713996909165644</cy>
    </calibration>
  </depth_map>
  <depth_map camera_id="27" level="1" path="1/d27.exr">
    <calibration type="frame">
      <resolution width="960" height="540"/>
      <f>567.86374251011239</f>
      <cx>12.868359721485547</cx>
      <cy>-2.856998454582822</cy>
    </calibration>
  </depth_map>
  <depth_map camera_id="27" level="2" path="2/d27.exr">
    <calibration type="frame">
      <resolution width="480" height="270"/>
      <f>283.93187125505619</f>
      <cx>6.4341798607427734</cx>
      <cy>-1.428499227291411</cy>
    </calibration>
  </depth_map>
  <depth_map camera_id="28" level="0" path="0/d28.exr">
    <calibration type="frame">
      <resolution width="1920" height="1080"/>
      <f>1135.7274850202248</f>
      <cx>25.736719442971093</cx>
      <cy>-5.713996909165644</cy>
    </calibration>
  </depth_map>
  <depth_map camera_id="28" level="1" path="1/d28.exr">
    <calibration type="frame">
      <resolution width="960" height="540"/>
      <f>567.86374251011239</f>
      <cx>12.868359721485547</cx>
      <cy>-2.856998454582822</cy>
    </calibration>
  </depth_map>
  <depth_map camera_id="28" level="2" path="2/d28.exr">
    <calibration type="frame">
      <resolution width="480" height="270"/>
      <f>283.93187125505619</f>
      <cx>6.4341798607427734</cx>
      <cy>-1.428499227291411</cy>
    </calibration>
  </depth_map>
  <depth_map camera_id="29" level="0" path="0/d29.exr">
    <calibration type="frame">
      <resolution width="1920" height="1080"/>
      <f>1135.7274850202248</f>
      <cx>25.736719442971093</cx>
      <cy>-5.713996909165644</cy>
    </calibration>
  </depth_map>
  <depth_map camera_id="29" level="1" path="1/d29.exr">
    <calibration type="frame">
      <resolution width="960" height="540"/>
      <f>567.86374251011239</f>
      <cx>12.868359721485547</cx>
      <cy>-2.856998454582822</cy>
    </calibration>
  </depth_map>
  <depth_map camera_id="29" level="2" path="2/d29.exr">
    <calibration type="frame">
      <resolution width="480" height="270"/>
      <f>283.93187125505619</f>
      <cx>6.4341798607427734</cx>
      <cy>-1.428499227291411</cy>
    </calibration>
  </depth_map>
  <depth_map camera_id="30" level="0" path="0/d30.exr">
    <calibration type="frame">
      <resolution width="1920" height="1080"/>
      <f>1135.7274850202248</f>
      <cx>25.736719442971093</cx>
      <cy>-5.713996909165644</cy>
    </calibration>
  </depth_map>
  <depth_map camera_id="30" level="1" path="1/d30.exr">
    <calibration type="frame">
      <resolution width="960" height="540"/>
      <f>567.86374251011239</f>
      <cx>12.868359721485547</cx>
      <cy>-2.856998454582822</cy>
    </calibration>
  </depth_map>
  <depth_map camera_id="30" level="2" path="2/d30.exr">
    <calibration type="frame">
      <resolution width="480" height="270"/>
      <f>283.93187125505619</f>
      <cx>6.4341798607427734</cx>
      <cy>-1.428499227291411</cy>
    </calibration>
  </depth_map>
  <depth_map camera_id="31" level="0" path="0/d31.exr">
    <calibration type="frame">
      <resolution width="1920" height="1080"/>
      <f>1135.7274850202248</f>
      <cx>25.736719442971093</cx>
      <cy>-5.713996909165644</cy>
    </calibration>
  </depth_map>
  <depth_map camera_id="31" level="1" path="1/d31.exr">
    <calibration type="frame">
      <resolution width="960" height="540"/>
      <f>567.86374251011239</f>
      <cx>12.868359721485547</cx>
      <cy>-2.856998454582822</cy>
    </calibration>
  </depth_map>
  <depth_map camera_id="31" level="2" path="2/d31.exr">
    <calibration type="frame">
      <resolution width="480" height="270"/>
      <f>283.93187125505619</f>
      <cx>6.4341798607427734</cx>
      <cy>-1.428499227291411</cy>
    </calibration>
  </depth_map>
  <depth_map camera_id="36" level="0" path="0/d36.exr">
    <calibration type="frame">
      <resolution width="1920" height="1080"/>
      <f>1135.7274850202248</f>
      <cx>25.736719442971093</cx>
      <cy>-5.713996909165644</cy>
    </calibration>
  </depth_map>
  <depth_map camera_id="36" level="1" path="1/d36.exr">
    <calibration type="frame">
      <resolution width="960" height="540"/>
      <f>567.86374251011239</f>
      <cx>12.868359721485547</cx>
      <cy>-2.856998454582822</cy>
    </calibration>
  </depth_map>
  <depth_map camera_id="36" level="2" path="2/d36.exr">
    <calibration type="frame">
      <resolution width="480" height="270"/>
      <f>283.93187125505619</f>
      <cx>6.4341798607427734</cx>
      <cy>-1.428499227291411</cy>
    </calibration>
  </depth_map>
  <depth_map camera_id="37" level="0" path="0/d37.exr">
    <calibration type="frame">
      <resolution width="1920" height="1080"/>
      <f>1135.7274850202248</f>
      <cx>25.736719442971093</cx>
      <cy>-5.713996909165644</cy>
    </calibration>
  </depth_map>
  <depth_map camera_id="37" level="1" path="1/d37.exr">
    <calibration type="frame">
      <resolution width="960" height="540"/>
      <f>567.86374251011239</f>
      <cx>12.868359721485547</cx>
      <cy>-2.856998454582822</cy>
    </calibration>
  </depth_map>
  <depth_map camera_id="37" level="2" path="2/d37.exr">
    <calibration type="frame">
      <resolution width="480" height="270"/>
      <f>283.93187125505619</f>
      <cx>6.4341798607427734</cx>
      <cy>-1.428499227291411</cy>
    </calibration>
  </depth_map>
  <depth_map camera_id="38" level="0" path="0/d38.exr">
    <calibration type="frame">
      <resolution width="1920" height="1080"/>
      <f>1135.7274850202248</f>
      <cx>25.736719442971093</cx>
      <cy>-5.713996909165644</cy>
    </calibration>
  </depth_map>
  <depth_map camera_id="38" level="1" path="1/d38.exr">
    <calibration type="frame">
      <resolution width="960" height="540"/>
      <f>567.86374251011239</f>
      <cx>12.868359721485547</cx>
      <cy>-2.856998454582822</cy>
    </calibration>
  </depth_map>
  <depth_map camera_id="38" level="2" path="2/d38.exr">
    <calibration type="frame">
      <resolution width="480" height="270"/>
      <f>283.93187125505619</f>
      <cx>6.4341798607427734</cx>
      <cy>-1.428499227291411</cy>
    </calibration>
  </depth_map>
  <depth_map camera_id="39" level="0" path="0/d39.exr">
    <calibration type="frame">
      <resolution width="1920" height="1080"/>
      <f>1135.7274850202248</f>
      <cx>25.736719442971093</cx>
      <cy>-5.713996909165644</cy>
    </calibration>
  </depth_map>
  <depth_map camera_id="39" level="1" path="1/d39.exr">
    <calibration type="frame">
      <resolution width="960" height="540"/>
      <f>567.86374251011239</f>
      <cx>12.868359721485547</cx>
      <cy>-2.856998454582822</cy>
    </calibration>
  </depth_map>
  <depth_map camera_id="39" level="2" path="2/d39.exr">
    <calibration type="frame">
      <resolution width="480" height="270"/>
      <f>283.93187125505619</f>
      <cx>6.4341798607427734</cx>
      <cy>-1.428499227291411</cy>
    </calibration>
  </depth_map>
  <depth_map camera_id="45" level="0" path="0/d45.exr">
    <calibration type="frame">
      <resolution width="1920" height="1080"/>
      <f>1135.7274850202248</f>
      <cx>25.736719442971093</cx>
      <cy>-5.713996909165644</cy>
    </calibration>
  </depth_map>
  <depth_map camera_id="45" level="1" path="1/d45.exr">
    <calibration type="frame">
      <resolution width="960" height="540"/>
      <f>567.86374251011239</f>
      <cx>12.868359721485547</cx>
      <cy>-2.856998454582822</cy>
    </calibration>
  </depth_map>
  <depth_map camera_id="45" level="2" path="2/d45.exr">
    <calibration type="frame">
      <resolution width="480" height="270"/>
      <f>283.93187125505619</f>
      <cx>6.4341798607427734</cx>
      <cy>-1.428499227291411</cy>
    </calibration>
  </depth_map>
  <depth_map camera_id="46" level="0" path="0/d46.exr">
    <calibration type="frame">
      <resolution width="1920" height="1080"/>
      <f>1135.7274850202248</f>
      <cx>25.736719442971093</cx>
      <cy>-5.713996909165644</cy>
    </calibration>
  </depth_map>
  <depth_map camera_id="46" level="1" path="1/d46.exr">
    <calibration type="frame">
      <resolution width="960" height="540"/>
      <f>567.86374251011239</f>
      <cx>12.868359721485547</cx>
      <cy>-2.856998454582822</cy>
    </calibration>
  </depth_map>
  <depth_map camera_id="46" level="2" path="2/d46.exr">
    <calibration type="frame">
      <resolution width="480" height="270"/>
      <f>283.93187125505619</f>
      <cx>6.4341798607427734</cx>
      <cy>-1.428499227291411</cy>
    </calibration>
  </depth_map>
  <depth_map camera_id="47" level="0" path="0/d47.exr">
    <calibration type="frame">
      <resolution width="1920" height="1080"/>
      <f>1135.7274850202248</f>
      <cx>25.736719442971093</cx>
      <cy>-5.713996909165644</cy>
    </calibration>
  </depth_map>
  <depth_map camera_id="47" level="1" path="1/d47.exr">
    <calibration type="frame">
      <resolution width="960" height="540"/>
      <f>567.86374251011239</f>
      <cx>12.868359721485547</cx>
      <cy>-2.856998454582822</cy>
    </calibration>
  </depth_map>
  <depth_map camera_id="47" level="2" path="2/d47.exr">
    <calibration type="frame">
      <resolution width="480" height="270"/>
      <f>283.93187125505619</f>
      <cx>6.4341798607427734</cx>
      <cy>-1.428499227291411</cy>
    </calibration>
  </depth_map>
  <depth_map camera_id="48" level="0" path="0/d48.exr">
    <calibration type="frame">
      <resolution width="1920" height="1080"/>
      <f>1135.7274850202248</f>
      <cx>25.736719442971093</cx>
      <cy>-5.713996909165644</cy>
    </calibration>
  </depth_map>
  <depth_map camera_id="48" level="1" path="1/d48.exr">
    <calibration type="frame">
      <resolution width="960" height="540"/>
      <f>567.86374251011239</f>
      <cx>12.868359721485547</cx>
      <cy>-2.856998454582822</cy>
    </calibration>
  </depth_map>
  <depth_map camera_id="48" level="2" path="2/d48.exr">
    <calibration type="frame">
      <resolution width="480" height="270"/>
      <f>283.93187125505619</f>
      <cx>6.4341798607427734</cx>
      <cy>-1.428499227291411</cy>
    </calibration>
  </depth_map>
  <depth_map camera_id="49" level="0" path="0/d49.exr">
    <calibration type="frame">
      <resolution width="1920" height="1080"/>
      <f>1135.7274850202248</f>
      <cx>25.736719442971093</cx>
      <cy>-5.713996909165644</cy>
    </calibration>
  </depth_map>
  <depth_map camera_id="49" level="1" path="1/d49.exr">
    <calibration type="frame">
      <resolution width="960" height="540"/>
      <f>567.86374251011239</f>
      <cx>12.868359721485547</cx>
      <cy>-2.856998454582822</cy>
    </calibration>
  </depth_map>
  <depth_map camera_id="49" level="2" path="2/d49.exr">
    <calibration type="frame">
      <resolution width="480" height="270"/>
      <f>283.93187125505619</f>
      <cx>6.4341798607427734</cx>
      <cy>-1.428499227291411</cy>
    </calibration>
  </depth_map>
  <depth_map camera_id="50" level="0" path="0/d50.exr">
    <calibration type="frame">
      <resolution width="1920" height="1080"/>
      <f>1135.7274850202248</f>
      <cx>25.736719442971093</cx>
      <cy>-5.713996909165644</cy>
    </calibration>
  </depth_map>
  <depth_map camera_id="50" level="1" path="1/d50.exr">
    <calibration type="frame">
      <resolution width="960" height="540"/>
      <f>567.86374251011239</f>
      <cx>12.868359721485547</cx>
      <cy>-2.856998454582822</cy>
    </calibration>
  </depth_map>
  <depth_map camera_id="50" level="2" path="2/d50.exr">
    <calibration type="frame">
      <resolution width="480" height="270"/>
      <f>283.93187125505619</f>
      <cx>6.4341798607427734</cx>
      <cy>-1.428499227291411</cy>
    </calibration>
  </depth_map>
  <depth_map camera_id="54" level="0" path="0/d54.exr">
    <calibration type="frame">
      <resolution width="1920" height="1080"/>
      <f>1135.7274850202248</f>
      <cx>25.736719442971093</cx>
      <cy>-5.713996909165644</cy>
    </calibration>
  </depth_map>
  <depth_map camera_id="54" level="1" path="1/d54.exr">
    <calibration type="frame">
      <resolution width="960" height="540"/>
      <f>567.86374251011239</f>
      <cx>12.868359721485547</cx>
      <cy>-2.856998454582822</cy>
    </calibration>
  </depth_map>
  <depth_map camera_id="54" level="2" path="2/d54.exr">
    <calibration type="frame">
      <resolution width="480" height="270"/>
      <f>283.93187125505619</f>
      <cx>6.4341798607427734</cx>
      <cy>-1.428499227291411</cy>
    </calibration>
  </depth_map>
  <depth_map camera_id="55" level="0" path="0/d55.exr">
    <calibration type="frame">
      <resolution width="1920" height="1080"/>
      <f>1135.7274850202248</f>
      <cx>25.736719442971093</cx>
      <cy>-5.713996909165644</cy>
    </calibration>
  </depth_map>
  <depth_map camera_id="55" level="1" path="1/d55.exr">
    <calibration type="frame">
      <resolution width="960" height="540"/>
      <f>567.86374251011239</f>
      <cx>12.868359721485547</cx>
      <cy>-2.856998454582822</cy>
    </calibration>
  </depth_map>
  <depth_map camera_id="55" level="2" path="2/d55.exr">
    <calibration type="frame">
      <resolution width="480" height="270"/>
      <f>283.93187125505619</f>
      <cx>6.4341798607427734</cx>
      <cy>-1.428499227291411</cy>
    </calibration>
  </depth_map>
  <depth_map camera_id="56" level="0" path="0/d56.exr">
    <calibration type="frame">
      <resolution width="1920" height="1080"/>
      <f>1135.7274850202248</f>
      <cx>25.736719442971093</cx>
      <cy>-5.713996909165644</cy>
    </calibration>
  </depth_map>
  <depth_map camera_id="56" level="1" path="1/d56.exr">
    <calibration type="frame">
      <resolution width="960" height="540"/>
      <f>567.86374251011239</f>
      <cx>12.868359721485547</cx>
      <cy>-2.856998454582822</cy>
    </calibration>
  </depth_map>
  <depth_map camera_id="56" level="2" path="2/d56.exr">
    <calibration type="frame">
      <resolution width="480" height="270"/>
      <f>283.93187125505619</f>
      <cx>6.4341798607427734</cx>
      <cy>-1.428499227291411</cy>
    </calibration>
  </depth_map>
  <depth_map camera_id="57" level="0" path="0/d57.exr">
    <calibration type="frame">
      <resolution width="1920" height="1080"/>
      <f>1135.7274850202248</f>
      <cx>25.736719442971093</cx>
      <cy>-5.713996909165644</cy>
    </calibration>
  </depth_map>
  <depth_map camera_id="57" level="1" path="1/d57.exr">
    <calibration type="frame">
      <resolution width="960" height="540"/>
      <f>567.86374251011239</f>
      <cx>12.868359721485547</cx>
      <cy>-2.856998454582822</cy>
    </calibration>
  </depth_map>
  <depth_map camera_id="57" level="2" path="2/d57.exr">
    <calibration type="frame">
      <resolution width="480" height="270"/>
      <f>283.93187125505619</f>
      <cx>6.4341798607427734</cx>
      <cy>-1.428499227291411</cy>
    </calibration>
  </depth_map>
  <depth_map camera_id="58" level="0" path="0/d58.exr">
    <calibration type="frame">
      <resolution width="1920" height="1080"/>
      <f>1135.7274850202248</f>
      <cx>25.736719442971093</cx>
      <cy>-5.713996909165644</cy>
    </calibration>
  </depth_map>
  <depth_map camera_id="58" level="1" path="1/d58.exr">
    <calibration type="frame">
      <resolution width="960" height="540"/>
      <f>567.86374251011239</f>
      <cx>12.868359721485547</cx>
      <cy>-2.856998454582822</cy>
    </calibration>
  </depth_map>
  <depth_map camera_id="58" level="2" path="2/d58.exr">
    <calibration type="frame">
      <resolution width="480" height="270"/>
      <f>283.93187125505619</f>
      <cx>6.4341798607427734</cx>
      <cy>-1.428499227291411</cy>
    </calibration>
  </depth_map>
  <depth_map camera_id="59" level="0" path="0/d59.exr">
    <calibration type="frame">
      <resolution width="1920" height="1080"/>
      <f>1135.7274850202248</f>
      <cx>25.736719442971093</cx>
      <cy>-5.713996909165644</cy>
    </calibration>
  </depth_map>
  <depth_map camera_id="59" level="1" path="1/d59.exr">
    <calibration type="frame">
      <resolution width="960" height="540"/>
      <f>567.86374251011239</f>
      <cx>12.868359721485547</cx>
      <cy>-2.856998454582822</cy>
    </calibration>
  </depth_map>
  <depth_map camera_id="59" level="2" path="2/d59.exr">
    <calibration type="frame">
      <resolution width="480" height="270"/>
      <f>283.93187125505619</f>
      <cx>6.4341798607427734</cx>
      <cy>-1.428499227291411</cy>
    </calibration>
  </depth_map>
  <depth_map camera_id="63" level="0" path="0/d63.exr">
    <calibration type="frame">
      <resolution width="1920" height="1080"/>
      <f>1135.7274850202248</f>
      <cx>25.736719442971093</cx>
      <cy>-5.713996909165644</cy>
    </calibration>
  </depth_map>
  <depth_map camera_id="63" level="1" path="1/d63.exr">
    <calibration type="frame">
      <resolution width="960" height="540"/>
      <f>567.86374251011239</f>
      <cx>12.868359721485547</cx>
      <cy>-2.856998454582822</cy>
    </calibration>
  </depth_map>
  <depth_map camera_id="63" level="2" path="2/d63.exr">
    <calibration type="frame">
      <resolution width="480" height="270"/>
      <f>283.93187125505619</f>
      <cx>6.4341798607427734</cx>
      <cy>-1.428499227291411</cy>
    </calibration>
  </depth_map>
  <depth_map camera_id="64" level="0" path="0/d64.exr">
    <calibration type="frame">
      <resolution width="1920" height="1080"/>
      <f>1135.7274850202248</f>
      <cx>25.736719442971093</cx>
      <cy>-5.713996909165644</cy>
    </calibration>
  </depth_map>
  <depth_map camera_id="64" level="1" path="1/d64.exr">
    <calibration type="frame">
      <resolution width="960" height="540"/>
      <f>567.86374251011239</f>
      <cx>12.868359721485547</cx>
      <cy>-2.856998454582822</cy>
    </calibration>
  </depth_map>
  <depth_map camera_id="64" level="2" path="2/d64.exr">
    <calibration type="frame">
      <resolution width="480" height="270"/>
      <f>283.93187125505619</f>
      <cx>6.4341798607427734</cx>
      <cy>-1.428499227291411</cy>
    </calibration>
  </depth_map>
  <depth_map camera_id="65" level="0" path="0/d65.exr">
    <calibration type="frame">
      <resolution width="1920" height="1080"/>
      <f>1135.7274850202248</f>
      <cx>25.736719442971093</cx>
      <cy>-5.713996909165644</cy>
    </calibration>
  </depth_map>
  <depth_map camera_id="65" level="1" path="1/d65.exr">
    <calibration type="frame">
      <resolution width="960" height="540"/>
      <f>567.86374251011239</f>
      <cx>12.868359721485547</cx>
      <cy>-2.856998454582822</cy>
    </calibration>
  </depth_map>
  <depth_map camera_id="65" level="2" path="2/d65.exr">
    <calibration type="frame">
      <resolution width="480" height="270"/>
      <f>283.93187125505619</f>
      <cx>6.4341798607427734</cx>
      <cy>-1.428499227291411</cy>
    </calibration>
  </depth_map>
  <depth_map camera_id="66" level="0" path="0/d66.exr">
    <calibration type="frame">
      <resolution width="1920" height="1080"/>
      <f>1135.7274850202248</f>
      <cx>25.736719442971093</cx>
      <cy>-5.713996909165644</cy>
    </calibration>
  </depth_map>
  <depth_map camera_id="66" level="1" path="1/d66.exr">
    <calibration type="frame">
      <resolution width="960" height="540"/>
      <f>567.86374251011239</f>
      <cx>12.868359721485547</cx>
      <cy>-2.856998454582822</cy>
    </calibration>
  </depth_map>
  <depth_map camera_id="66" level="2" path="2/d66.exr">
    <calibration type="frame">
      <resolution width="480" height="270"/>
      <f>283.93187125505619</f>
      <cx>6.4341798607427734</cx>
      <cy>-1.428499227291411</cy>
    </calibration>
  </depth_map>
  <depth_map camera_id="67" level="0" path="0/d67.exr">
    <calibration type="frame">
      <resolution width="1920" height="1080"/>
      <f>1135.7274850202248</f>
      <cx>25.736719442971093</cx>
      <cy>-5.713996909165644</cy>
    </calibration>
  </depth_map>
  <depth_map camera_id="67" level="1" path="1/d67.exr">
    <calibration type="frame">
      <resolution width="960" height="540"/>
      <f>567.86374251011239</f>
      <cx>12.868359721485547</cx>
      <cy>-2.856998454582822</cy>
    </calibration>
  </depth_map>
  <depth_map camera_id="67" level="2" path="2/d67.exr">
    <calibration type="frame">
      <resolution width="480" height="270"/>
      <f>283.93187125505619</f>
      <cx>6.4341798607427734</cx>
      <cy>-1.428499227291411</cy>
    </calibration>
  </depth_map>
  <depth_map camera_id="68" level="0" path="0/d68.exr">
    <calibration type="frame">
      <resolution width="1920" height="1080"/>
      <f>1135.7274850202248</f>
      <cx>25.736719442971093</cx>
      <cy>-5.713996909165644</cy>
    </calibration>
  </depth_map>
  <depth_map camera_id="68" level="1" path="1/d68.exr">
    <calibration type="frame">
      <resolution width="960" height="540"/>
      <f>567.86374251011239</f>
      <cx>12.868359721485547</cx>
      <cy>-2.856998454582822</cy>
    </calibration>
  </depth_map>
  <depth_map camera_id="68" level="2" path="2/d68.exr">
    <calibration type="frame">
      <resolution width="480" height="270"/>
      <f>283.93187125505619</f>
      <cx>6.4341798607427734</cx>
      <cy>-1.428499227291411</cy>
    </calibration>
  </depth_map>
  <depth_map camera_id="72" level="0" path="0/d72.exr">
    <calibration type="frame">
      <resolution width="1920" height="1080"/>
      <f>1135.7274850202248</f>
      <cx>25.736719442971093</cx>
      <cy>-5.713996909165644</cy>
    </calibration>
  </depth_map>
  <depth_map camera_id="72" level="1" path="1/d72.exr">
    <calibration type="frame">
      <resolution width="960" height="540"/>
      <f>567.86374251011239</f>
      <cx>12.868359721485547</cx>
      <cy>-2.856998454582822</cy>
    </calibration>
  </depth_map>
  <depth_map camera_id="72" level="2" path="2/d72.exr">
    <calibration type="frame">
      <resolution width="480" height="270"/>
      <f>283.93187125505619</f>
      <cx>6.4341798607427734</cx>
      <cy>-1.428499227291411</cy>
    </calibration>
  </depth_map>
  <depth_map camera_id="73" level="0" path="0/d73.exr">
    <calibration type="frame">
      <resolution width="1920" height="1080"/>
      <f>1135.7274850202248</f>
      <cx>25.736719442971093</cx>
      <cy>-5.713996909165644</cy>
    </calibration>
  </depth_map>
  <depth_map camera_id="73" level="1" path="1/d73.exr">
    <calibration type="frame">
      <resolution width="960" height="540"/>
      <f>567.86374251011239</f>
      <cx>12.868359721485547</cx>
      <cy>-2.856998454582822</cy>
    </calibration>
  </depth_map>
  <depth_map camera_id="73" level="2" path="2/d73.exr">
    <calibration type="frame">
      <resolution width="480" height="270"/>
      <f>283.93187125505619</f>
      <cx>6.4341798607427734</cx>
      <cy>-1.428499227291411</cy>
    </calibration>
  </depth_map>
  <depth_map camera_id="74" level="0" path="0/d74.exr">
    <calibration type="frame">
      <resolution width="1920" height="1080"/>
      <f>1135.7274850202248</f>
      <cx>25.736719442971093</cx>
      <cy>-5.713996909165644</cy>
    </calibration>
  </depth_map>
  <depth_map camera_id="74" level="1" path="1/d74.exr">
    <calibration type="frame">
      <resolution width="960" height="540"/>
      <f>567.86374251011239</f>
      <cx>12.868359721485547</cx>
      <cy>-2.856998454582822</cy>
    </calibration>
  </depth_map>
  <depth_map camera_id="74" level="2" path="2/d74.exr">
    <calibration type="frame">
      <resolution width="480" height="270"/>
      <f>283.93187125505619</f>
      <cx>6.4341798607427734</cx>
      <cy>-1.428499227291411</cy>
    </calibration>
  </depth_map>
  <depth_map camera_id="75" level="0" path="0/d75.exr">
    <calibration type="frame">
      <resolution width="1920" height="1080"/>
      <f>1135.7274850202248</f>
      <cx>25.736719442971093</cx>
      <cy>-5.713996909165644</cy>
    </calibration>
  </depth_map>
  <depth_map camera_id="75" level="1" path="1/d75.exr">
    <calibration type="frame">
      <resolution width="960" height="540"/>
      <f>567.86374251011239</f>
      <cx>12.868359721485547</cx>
      <cy>-2.856998454582822</cy>
    </calibration>
  </depth_map>
  <depth_map camera_id="75" level="2" path="2/d75.exr">
    <calibration type="frame">
      <resolution width="480" height="270"/>
      <f>283.93187125505619</f>
      <cx>6.4341798607427734</cx>
      <cy>-1.428499227291411</cy>
    </calibration>
  </depth_map>
  <depth_map camera_id="76" level="0" path="0/d76.exr">
    <calibration type="frame">
      <resolution width="1920" height="1080"/>
      <f>1135.7274850202248</f>
      <cx>25.736719442971093</cx>
      <cy>-5.713996909165644</cy>
    </calibration>
  </depth_map>
  <depth_map camera_id="76" level="1" path="1/d76.exr">
    <calibration type="frame">
      <resolution width="960" height="540"/>
      <f>567.86374251011239</f>
      <cx>12.868359721485547</cx>
      <cy>-2.856998454582822</cy>
    </calibration>
  </depth_map>
  <depth_map camera_id="76" level="2" path="2/d76.exr">
    <calibration type="frame">
      <resolution width="480" height="270"/>
      <f>283.93187125505619</f>
      <cx>6.4341798607427734</cx>
      <cy>-1.428499227291411</cy>
    </calibration>
  </depth_map>
  <depth_map camera_id="77" level="0" path="0/d77.exr">
    <calibration type="frame">
      <resolution width="1920" height="1080"/>
      <f>1135.7274850202248</f>
      <cx>25.736719442971093</cx>
      <cy>-5.713996909165644</cy>
    </calibration>
  </depth_map>
  <depth_map camera_id="77" level="1" path="1/d77.exr">
    <calibration type="frame">
      <resolution width="960" height="540"/>
      <f>567.86374251011239</f>
      <cx>12.868359721485547</cx>
      <cy>-2.856998454582822</cy>
    </calibration>
  </depth_map>
  <depth_map camera_id="77" level="2" path="2/d77.exr">
    <calibration type="frame">
      <resolution width="480" height="270"/>
      <f>283.93187125505619</f>
      <cx>6.4341798607427734</cx>
      <cy>-1.428499227291411</cy>
    </calibration>
  </depth_map>
  <depth_map camera_id="81" level="0" path="0/d81.exr">
    <calibration type="frame">
      <resolution width="1920" height="1080"/>
      <f>1135.7274850202248</f>
      <cx>25.736719442971093</cx>
      <cy>-5.713996909165644</cy>
    </calibration>
  </depth_map>
  <depth_map camera_id="81" level="1" path="1/d81.exr">
    <calibration type="frame">
      <resolution width="960" height="540"/>
      <f>567.86374251011239</f>
      <cx>12.868359721485547</cx>
      <cy>-2.856998454582822</cy>
    </calibration>
  </depth_map>
  <depth_map camera_id="81" level="2" path="2/d81.exr">
    <calibration type="frame">
      <resolution width="480" height="270"/>
      <f>283.93187125505619</f>
      <cx>6.4341798607427734</cx>
      <cy>-1.428499227291411</cy>
    </calibration>
  </depth_map>
  <depth_map camera_id="153" level="0" path="0/d153.exr">
    <calibration type="frame">
      <resolution width="1920" height="1080"/>
      <f>1135.7274850202248</f>
      <cx>25.736719442971093</cx>
      <cy>-5.713996909165644</cy>
    </calibration>
  </depth_map>
  <depth_map camera_id="153" level="1" path="1/d153.exr">
    <calibration type="frame">
      <resolution width="960" height="540"/>
      <f>567.86374251011239</f>
      <cx>12.868359721485547</cx>
      <cy>-2.856998454582822</cy>
    </calibration>
  </depth_map>
  <depth_map camera_id="153" level="2" path="2/d153.exr">
    <calibration type="frame">
      <resolution width="480" height="270"/>
      <f>283.93187125505619</f>
      <cx>6.4341798607427734</cx>
      <cy>-1.428499227291411</cy>
    </calibration>
  </depth_map>
  <depth_map camera_id="154" level="0" path="0/d154.exr">
    <calibration type="frame">
      <resolution width="1920" height="1080"/>
      <f>1135.7274850202248</f>
      <cx>25.736719442971093</cx>
      <cy>-5.713996909165644</cy>
    </calibration>
  </depth_map>
  <depth_map camera_id="154" level="1" path="1/d154.exr">
    <calibration type="frame">
      <resolution width="960" height="540"/>
      <f>567.86374251011239</f>
      <cx>12.868359721485547</cx>
      <cy>-2.856998454582822</cy>
    </calibration>
  </depth_map>
  <depth_map camera_id="154" level="2" path="2/d154.exr">
    <calibration type="frame">
      <resolution width="480" height="270"/>
      <f>283.93187125505619</f>
      <cx>6.4341798607427734</cx>
      <cy>-1.428499227291411</cy>
    </calibration>
  </depth_map>
  <depth_map camera_id="162" level="0" path="0/d162.exr">
    <calibration type="frame">
      <resolution width="1920" height="1080"/>
      <f>1135.7274850202248</f>
      <cx>25.736719442971093</cx>
      <cy>-5.713996909165644</cy>
    </calibration>
  </depth_map>
  <depth_map camera_id="162" level="1" path="1/d162.exr">
    <calibration type="frame">
      <resolution width="960" height="540"/>
      <f>567.86374251011239</f>
      <cx>12.868359721485547</cx>
      <cy>-2.856998454582822</cy>
    </calibration>
  </depth_map>
  <depth_map camera_id="162" level="2" path="2/d162.exr">
    <calibration type="frame">
      <resolution width="480" height="270"/>
      <f>283.93187125505619</f>
      <cx>6.4341798607427734</cx>
      <cy>-1.428499227291411</cy>
    </calibration>
  </depth_map>
  <depth_map camera_id="163" level="0" path="0/d163.exr">
    <calibration type="frame">
      <resolution width="1920" height="1080"/>
      <f>1135.7274850202248</f>
      <cx>25.736719442971093</cx>
      <cy>-5.713996909165644</cy>
    </calibration>
  </depth_map>
  <depth_map camera_id="163" level="1" path="1/d163.exr">
    <calibration type="frame">
      <resolution width="960" height="540"/>
      <f>567.86374251011239</f>
      <cx>12.868359721485547</cx>
      <cy>-2.856998454582822</cy>
    </calibration>
  </depth_map>
  <depth_map camera_id="163" level="2" path="2/d163.exr">
    <calibration type="frame">
      <resolution width="480" height="270"/>
      <f>283.93187125505619</f>
      <cx>6.4341798607427734</cx>
      <cy>-1.428499227291411</cy>
    </calibration>
  </depth_map>
  <depth_map camera_id="165" level="0" path="0/d165.exr">
    <calibration type="frame">
      <resolution width="1920" height="1080"/>
      <f>1135.7274850202248</f>
      <cx>25.736719442971093</cx>
      <cy>-5.713996909165644</cy>
    </calibration>
  </depth_map>
  <depth_map camera_id="165" level="1" path="1/d165.exr">
    <calibration type="frame">
      <resolution width="960" height="540"/>
      <f>567.86374251011239</f>
      <cx>12.868359721485547</cx>
      <cy>-2.856998454582822</cy>
    </calibration>
  </depth_map>
  <depth_map camera_id="165" level="2" path="2/d165.exr">
    <calibration type="frame">
      <resolution width="480" height="270"/>
      <f>283.93187125505619</f>
      <cx>6.4341798607427734</cx>
      <cy>-1.428499227291411</cy>
    </calibration>
  </depth_map>
  <depth_map camera_id="171" level="0" path="0/d171.exr">
    <calibration type="frame">
      <resolution width="1920" height="1080"/>
      <f>1135.7274850202248</f>
      <cx>25.736719442971093</cx>
      <cy>-5.713996909165644</cy>
    </calibration>
  </depth_map>
  <depth_map camera_id="171" level="1" path="1/d171.exr">
    <calibration type="frame">
      <resolution width="960" height="540"/>
      <f>567.86374251011239</f>
      <cx>12.868359721485547</cx>
      <cy>-2.856998454582822</cy>
    </calibration>
  </depth_map>
  <depth_map camera_id="171" level="2" path="2/d171.exr">
    <calibration type="frame">
      <resolution width="480" height="270"/>
      <f>283.93187125505619</f>
      <cx>6.4341798607427734</cx>
      <cy>-1.428499227291411</cy>
    </calibration>
  </depth_map>
  <depth_map camera_id="172" level="0" path="0/d172.exr">
    <calibration type="frame">
      <resolution width="1920" height="1080"/>
      <f>1135.7274850202248</f>
      <cx>25.736719442971093</cx>
      <cy>-5.713996909165644</cy>
    </calibration>
  </depth_map>
  <depth_map camera_id="172" level="1" path="1/d172.exr">
    <calibration type="frame">
      <resolution width="960" height="540"/>
      <f>567.86374251011239</f>
      <cx>12.868359721485547</cx>
      <cy>-2.856998454582822</cy>
    </calibration>
  </depth_map>
  <depth_map camera_id="172" level="2" path="2/d172.exr">
    <calibration type="frame">
      <resolution width="480" height="270"/>
      <f>283.93187125505619</f>
      <cx>6.4341798607427734</cx>
      <cy>-1.428499227291411</cy>
    </calibration>
  </depth_map>
  <depth_map camera_id="180" level="0" path="0/d180.exr">
    <calibration type="frame">
      <resolution width="1920" height="1080"/>
      <f>1135.7274850202248</f>
      <cx>25.736719442971093</cx>
      <cy>-5.713996909165644</cy>
    </calibration>
  </depth_map>
  <depth_map camera_id="180" level="1" path="1/d180.exr">
    <calibration type="frame">
      <resolution width="960" height="540"/>
      <f>567.86374251011239</f>
      <cx>12.868359721485547</cx>
      <cy>-2.856998454582822</cy>
    </calibration>
  </depth_map>
  <depth_map camera_id="180" level="2" path="2/d180.exr">
    <calibration type="frame">
      <resolution width="480" height="270"/>
      <f>283.93187125505619</f>
      <cx>6.4341798607427734</cx>
      <cy>-1.428499227291411</cy>
    </calibration>
  </depth_map>
  <depth_map camera_id="189" level="0" path="0/d189.exr">
    <calibration type="frame">
      <resolution width="1920" height="1080"/>
      <f>1135.7274850202248</f>
      <cx>25.736719442971093</cx>
      <cy>-5.713996909165644</cy>
    </calibration>
  </depth_map>
  <depth_map camera_id="189" level="1" path="1/d189.exr">
    <calibration type="frame">
      <resolution width="960" height="540"/>
      <f>567.86374251011239</f>
      <cx>12.868359721485547</cx>
      <cy>-2.856998454582822</cy>
    </calibration>
  </depth_map>
  <depth_map camera_id="189" level="2" path="2/d189.exr">
    <calibration type="frame">
      <resolution width="480" height="270"/>
      <f>283.93187125505619</f>
      <cx>6.4341798607427734</cx>
      <cy>-1.428499227291411</cy>
    </calibration>
  </depth_map>
</depth_maps>
