<?xml version="1.0" encoding="UTF-8"?>
<depth_maps version="1.5.0">
  <depth_map camera_id="27" level="0" path="0/d27.exr">
    <calibration type="frame">
      <resolution width="1920" height="1080"/>
      <f>1135.8106150878471</f>
      <cx>26.521662263825192</cx>
      <cy>-5.5771078111821453</cy>
    </calibration>
  </depth_map>
  <depth_map camera_id="27" level="1" path="1/d27.exr">
    <calibration type="frame">
      <resolution width="960" height="540"/>
      <f>567.90530754392353</f>
      <cx>13.260831131912596</cx>
      <cy>-2.7885539055910726</cy>
    </calibration>
  </depth_map>
  <depth_map camera_id="27" level="2" path="2/d27.exr">
    <calibration type="frame">
      <resolution width="480" height="270"/>
      <f>283.95265377196176</f>
      <cx>6.630415565956298</cx>
      <cy>-1.3942769527955363</cy>
    </calibration>
  </depth_map>
  <depth_map camera_id="28" level="0" path="0/d28.exr">
    <calibration type="frame">
      <resolution width="1920" height="1080"/>
      <f>1135.8106150878471</f>
      <cx>26.521662263825192</cx>
      <cy>-5.5771078111821453</cy>
    </calibration>
  </depth_map>
  <depth_map camera_id="28" level="1" path="1/d28.exr">
    <calibration type="frame">
      <resolution width="960" height="540"/>
      <f>567.90530754392353</f>
      <cx>13.260831131912596</cx>
      <cy>-2.7885539055910726</cy>
    </calibration>
  </depth_map>
  <depth_map camera_id="28" level="2" path="2/d28.exr">
    <calibration type="frame">
      <resolution width="480" height="270"/>
      <f>283.95265377196176</f>
      <cx>6.630415565956298</cx>
      <cy>-1.3942769527955363</cy>
    </calibration>
  </depth_map>
  <depth_map camera_id="29" level="0" path="0/d29.exr">
    <calibration type="frame">
      <resolution width="1920" height="1080"/>
      <f>1135.8106150878471</f>
      <cx>26.521662263825192</cx>
      <cy>-5.5771078111821453</cy>
    </calibration>
  </depth_map>
  <depth_map camera_id="29" level="1" path="1/d29.exr">
    <calibration type="frame">
      <resolution width="960" height="540"/>
      <f>567.90530754392353</f>
      <cx>13.260831131912596</cx>
      <cy>-2.7885539055910726</cy>
    </calibration>
  </depth_map>
  <depth_map camera_id="29" level="2" path="2/d29.exr">
    <calibration type="frame">
      <resolution width="480" height="270"/>
      <f>283.95265377196176</f>
      <cx>6.630415565956298</cx>
      <cy>-1.3942769527955363</cy>
    </calibration>
  </depth_map>
  <depth_map camera_id="30" level="0" path="0/d30.exr">
    <calibration type="frame">
      <resolution width="1920" height="1080"/>
      <f>1135.8106150878471</f>
      <cx>26.521662263825192</cx>
      <cy>-5.5771078111821453</cy>
    </calibration>
  </depth_map>
  <depth_map camera_id="30" level="1" path="1/d30.exr">
    <calibration type="frame">
      <resolution width="960" height="540"/>
      <f>567.90530754392353</f>
      <cx>13.260831131912596</cx>
      <cy>-2.7885539055910726</cy>
    </calibration>
  </depth_map>
  <depth_map camera_id="30" level="2" path="2/d30.exr">
    <calibration type="frame">
      <resolution width="480" height="270"/>
      <f>283.95265377196176</f>
      <cx>6.630415565956298</cx>
      <cy>-1.3942769527955363</cy>
    </calibration>
  </depth_map>
  <depth_map camera_id="31" level="0" path="0/d31.exr">
    <calibration type="frame">
      <resolution width="1920" height="1080"/>
      <f>1135.8106150878471</f>
      <cx>26.521662263825192</cx>
      <cy>-5.5771078111821453</cy>
    </calibration>
  </depth_map>
  <depth_map camera_id="31" level="1" path="1/d31.exr">
    <calibration type="frame">
      <resolution width="960" height="540"/>
      <f>567.90530754392353</f>
      <cx>13.260831131912596</cx>
      <cy>-2.7885539055910726</cy>
    </calibration>
  </depth_map>
  <depth_map camera_id="31" level="2" path="2/d31.exr">
    <calibration type="frame">
      <resolution width="480" height="270"/>
      <f>283.95265377196176</f>
      <cx>6.630415565956298</cx>
      <cy>-1.3942769527955363</cy>
    </calibration>
  </depth_map>
  <depth_map camera_id="36" level="0" path="0/d36.exr">
    <calibration type="frame">
      <resolution width="1920" height="1080"/>
      <f>1135.8106150878471</f>
      <cx>26.521662263825192</cx>
      <cy>-5.5771078111821453</cy>
    </calibration>
  </depth_map>
  <depth_map camera_id="36" level="1" path="1/d36.exr">
    <calibration type="frame">
      <resolution width="960" height="540"/>
      <f>567.90530754392353</f>
      <cx>13.260831131912596</cx>
      <cy>-2.7885539055910726</cy>
    </calibration>
  </depth_map>
  <depth_map camera_id="36" level="2" path="2/d36.exr">
    <calibration type="frame">
      <resolution width="480" height="270"/>
      <f>283.95265377196176</f>
      <cx>6.630415565956298</cx>
      <cy>-1.3942769527955363</cy>
    </calibration>
  </depth_map>
  <depth_map camera_id="37" level="0" path="0/d37.exr">
    <calibration type="frame">
      <resolution width="1920" height="1080"/>
      <f>1135.8106150878471</f>
      <cx>26.521662263825192</cx>
      <cy>-5.5771078111821453</cy>
    </calibration>
  </depth_map>
  <depth_map camera_id="37" level="1" path="1/d37.exr">
    <calibration type="frame">
      <resolution width="960" height="540"/>
      <f>567.90530754392353</f>
      <cx>13.260831131912596</cx>
      <cy>-2.7885539055910726</cy>
    </calibration>
  </depth_map>
  <depth_map camera_id="37" level="2" path="2/d37.exr">
    <calibration type="frame">
      <resolution width="480" height="270"/>
      <f>283.95265377196176</f>
      <cx>6.630415565956298</cx>
      <cy>-1.3942769527955363</cy>
    </calibration>
  </depth_map>
  <depth_map camera_id="38" level="0" path="0/d38.exr">
    <calibration type="frame">
      <resolution width="1920" height="1080"/>
      <f>1135.8106150878471</f>
      <cx>26.521662263825192</cx>
      <cy>-5.5771078111821453</cy>
    </calibration>
  </depth_map>
  <depth_map camera_id="38" level="1" path="1/d38.exr">
    <calibration type="frame">
      <resolution width="960" height="540"/>
      <f>567.90530754392353</f>
      <cx>13.260831131912596</cx>
      <cy>-2.7885539055910726</cy>
    </calibration>
  </depth_map>
  <depth_map camera_id="38" level="2" path="2/d38.exr">
    <calibration type="frame">
      <resolution width="480" height="270"/>
      <f>283.95265377196176</f>
      <cx>6.630415565956298</cx>
      <cy>-1.3942769527955363</cy>
    </calibration>
  </depth_map>
  <depth_map camera_id="39" level="0" path="0/d39.exr">
    <calibration type="frame">
      <resolution width="1920" height="1080"/>
      <f>1135.8106150878471</f>
      <cx>26.521662263825192</cx>
      <cy>-5.5771078111821453</cy>
    </calibration>
  </depth_map>
  <depth_map camera_id="39" level="1" path="1/d39.exr">
    <calibration type="frame">
      <resolution width="960" height="540"/>
      <f>567.90530754392353</f>
      <cx>13.260831131912596</cx>
      <cy>-2.7885539055910726</cy>
    </calibration>
  </depth_map>
  <depth_map camera_id="39" level="2" path="2/d39.exr">
    <calibration type="frame">
      <resolution width="480" height="270"/>
      <f>283.95265377196176</f>
      <cx>6.630415565956298</cx>
      <cy>-1.3942769527955363</cy>
    </calibration>
  </depth_map>
  <depth_map camera_id="45" level="0" path="0/d45.exr">
    <calibration type="frame">
      <resolution width="1920" height="1080"/>
      <f>1135.8106150878471</f>
      <cx>26.521662263825192</cx>
      <cy>-5.5771078111821453</cy>
    </calibration>
  </depth_map>
  <depth_map camera_id="45" level="1" path="1/d45.exr">
    <calibration type="frame">
      <resolution width="960" height="540"/>
      <f>567.90530754392353</f>
      <cx>13.260831131912596</cx>
      <cy>-2.7885539055910726</cy>
    </calibration>
  </depth_map>
  <depth_map camera_id="45" level="2" path="2/d45.exr">
    <calibration type="frame">
      <resolution width="480" height="270"/>
      <f>283.95265377196176</f>
      <cx>6.630415565956298</cx>
      <cy>-1.3942769527955363</cy>
    </calibration>
  </depth_map>
  <depth_map camera_id="46" level="0" path="0/d46.exr">
    <calibration type="frame">
      <resolution width="1920" height="1080"/>
      <f>1135.8106150878471</f>
      <cx>26.521662263825192</cx>
      <cy>-5.5771078111821453</cy>
    </calibration>
  </depth_map>
  <depth_map camera_id="46" level="1" path="1/d46.exr">
    <calibration type="frame">
      <resolution width="960" height="540"/>
      <f>567.90530754392353</f>
      <cx>13.260831131912596</cx>
      <cy>-2.7885539055910726</cy>
    </calibration>
  </depth_map>
  <depth_map camera_id="46" level="2" path="2/d46.exr">
    <calibration type="frame">
      <resolution width="480" height="270"/>
      <f>283.95265377196176</f>
      <cx>6.630415565956298</cx>
      <cy>-1.3942769527955363</cy>
    </calibration>
  </depth_map>
  <depth_map camera_id="47" level="0" path="0/d47.exr">
    <calibration type="frame">
      <resolution width="1920" height="1080"/>
      <f>1135.8106150878471</f>
      <cx>26.521662263825192</cx>
      <cy>-5.5771078111821453</cy>
    </calibration>
  </depth_map>
  <depth_map camera_id="47" level="1" path="1/d47.exr">
    <calibration type="frame">
      <resolution width="960" height="540"/>
      <f>567.90530754392353</f>
      <cx>13.260831131912596</cx>
      <cy>-2.7885539055910726</cy>
    </calibration>
  </depth_map>
  <depth_map camera_id="47" level="2" path="2/d47.exr">
    <calibration type="frame">
      <resolution width="480" height="270"/>
      <f>283.95265377196176</f>
      <cx>6.630415565956298</cx>
      <cy>-1.3942769527955363</cy>
    </calibration>
  </depth_map>
  <depth_map camera_id="48" level="0" path="0/d48.exr">
    <calibration type="frame">
      <resolution width="1920" height="1080"/>
      <f>1135.8106150878471</f>
      <cx>26.521662263825192</cx>
      <cy>-5.5771078111821453</cy>
    </calibration>
  </depth_map>
  <depth_map camera_id="48" level="1" path="1/d48.exr">
    <calibration type="frame">
      <resolution width="960" height="540"/>
      <f>567.90530754392353</f>
      <cx>13.260831131912596</cx>
      <cy>-2.7885539055910726</cy>
    </calibration>
  </depth_map>
  <depth_map camera_id="48" level="2" path="2/d48.exr">
    <calibration type="frame">
      <resolution width="480" height="270"/>
      <f>283.95265377196176</f>
      <cx>6.630415565956298</cx>
      <cy>-1.3942769527955363</cy>
    </calibration>
  </depth_map>
  <depth_map camera_id="49" level="0" path="0/d49.exr">
    <calibration type="frame">
      <resolution width="1920" height="1080"/>
      <f>1135.8106150878471</f>
      <cx>26.521662263825192</cx>
      <cy>-5.5771078111821453</cy>
    </calibration>
  </depth_map>
  <depth_map camera_id="49" level="1" path="1/d49.exr">
    <calibration type="frame">
      <resolution width="960" height="540"/>
      <f>567.90530754392353</f>
      <cx>13.260831131912596</cx>
      <cy>-2.7885539055910726</cy>
    </calibration>
  </depth_map>
  <depth_map camera_id="49" level="2" path="2/d49.exr">
    <calibration type="frame">
      <resolution width="480" height="270"/>
      <f>283.95265377196176</f>
      <cx>6.630415565956298</cx>
      <cy>-1.3942769527955363</cy>
    </calibration>
  </depth_map>
  <depth_map camera_id="50" level="0" path="0/d50.exr">
    <calibration type="frame">
      <resolution width="1920" height="1080"/>
      <f>1135.8106150878471</f>
      <cx>26.521662263825192</cx>
      <cy>-5.5771078111821453</cy>
    </calibration>
  </depth_map>
  <depth_map camera_id="50" level="1" path="1/d50.exr">
    <calibration type="frame">
      <resolution width="960" height="540"/>
      <f>567.90530754392353</f>
      <cx>13.260831131912596</cx>
      <cy>-2.7885539055910726</cy>
    </calibration>
  </depth_map>
  <depth_map camera_id="50" level="2" path="2/d50.exr">
    <calibration type="frame">
      <resolution width="480" height="270"/>
      <f>283.95265377196176</f>
      <cx>6.630415565956298</cx>
      <cy>-1.3942769527955363</cy>
    </calibration>
  </depth_map>
  <depth_map camera_id="54" level="0" path="0/d54.exr">
    <calibration type="frame">
      <resolution width="1920" height="1080"/>
      <f>1135.8106150878471</f>
      <cx>26.521662263825192</cx>
      <cy>-5.5771078111821453</cy>
    </calibration>
  </depth_map>
  <depth_map camera_id="54" level="1" path="1/d54.exr">
    <calibration type="frame">
      <resolution width="960" height="540"/>
      <f>567.90530754392353</f>
      <cx>13.260831131912596</cx>
      <cy>-2.7885539055910726</cy>
    </calibration>
  </depth_map>
  <depth_map camera_id="54" level="2" path="2/d54.exr">
    <calibration type="frame">
      <resolution width="480" height="270"/>
      <f>283.95265377196176</f>
      <cx>6.630415565956298</cx>
      <cy>-1.3942769527955363</cy>
    </calibration>
  </depth_map>
  <depth_map camera_id="55" level="0" path="0/d55.exr">
    <calibration type="frame">
      <resolution width="1920" height="1080"/>
      <f>1135.8106150878471</f>
      <cx>26.521662263825192</cx>
      <cy>-5.5771078111821453</cy>
    </calibration>
  </depth_map>
  <depth_map camera_id="55" level="1" path="1/d55.exr">
    <calibration type="frame">
      <resolution width="960" height="540"/>
      <f>567.90530754392353</f>
      <cx>13.260831131912596</cx>
      <cy>-2.7885539055910726</cy>
    </calibration>
  </depth_map>
  <depth_map camera_id="55" level="2" path="2/d55.exr">
    <calibration type="frame">
      <resolution width="480" height="270"/>
      <f>283.95265377196176</f>
      <cx>6.630415565956298</cx>
      <cy>-1.3942769527955363</cy>
    </calibration>
  </depth_map>
  <depth_map camera_id="56" level="0" path="0/d56.exr">
    <calibration type="frame">
      <resolution width="1920" height="1080"/>
      <f>1135.8106150878471</f>
      <cx>26.521662263825192</cx>
      <cy>-5.5771078111821453</cy>
    </calibration>
  </depth_map>
  <depth_map camera_id="56" level="1" path="1/d56.exr">
    <calibration type="frame">
      <resolution width="960" height="540"/>
      <f>567.90530754392353</f>
      <cx>13.260831131912596</cx>
      <cy>-2.7885539055910726</cy>
    </calibration>
  </depth_map>
  <depth_map camera_id="56" level="2" path="2/d56.exr">
    <calibration type="frame">
      <resolution width="480" height="270"/>
      <f>283.95265377196176</f>
      <cx>6.630415565956298</cx>
      <cy>-1.3942769527955363</cy>
    </calibration>
  </depth_map>
  <depth_map camera_id="57" level="0" path="0/d57.exr">
    <calibration type="frame">
      <resolution width="1920" height="1080"/>
      <f>1135.8106150878471</f>
      <cx>26.521662263825192</cx>
      <cy>-5.5771078111821453</cy>
    </calibration>
  </depth_map>
  <depth_map camera_id="57" level="1" path="1/d57.exr">
    <calibration type="frame">
      <resolution width="960" height="540"/>
      <f>567.90530754392353</f>
      <cx>13.260831131912596</cx>
      <cy>-2.7885539055910726</cy>
    </calibration>
  </depth_map>
  <depth_map camera_id="57" level="2" path="2/d57.exr">
    <calibration type="frame">
      <resolution width="480" height="270"/>
      <f>283.95265377196176</f>
      <cx>6.630415565956298</cx>
      <cy>-1.3942769527955363</cy>
    </calibration>
  </depth_map>
  <depth_map camera_id="58" level="0" path="0/d58.exr">
    <calibration type="frame">
      <resolution width="1920" height="1080"/>
      <f>1135.8106150878471</f>
      <cx>26.521662263825192</cx>
      <cy>-5.5771078111821453</cy>
    </calibration>
  </depth_map>
  <depth_map camera_id="58" level="1" path="1/d58.exr">
    <calibration type="frame">
      <resolution width="960" height="540"/>
      <f>567.90530754392353</f>
      <cx>13.260831131912596</cx>
      <cy>-2.7885539055910726</cy>
    </calibration>
  </depth_map>
  <depth_map camera_id="58" level="2" path="2/d58.exr">
    <calibration type="frame">
      <resolution width="480" height="270"/>
      <f>283.95265377196176</f>
      <cx>6.630415565956298</cx>
      <cy>-1.3942769527955363</cy>
    </calibration>
  </depth_map>
  <depth_map camera_id="59" level="0" path="0/d59.exr">
    <calibration type="frame">
      <resolution width="1920" height="1080"/>
      <f>1135.8106150878471</f>
      <cx>26.521662263825192</cx>
      <cy>-5.5771078111821453</cy>
    </calibration>
  </depth_map>
  <depth_map camera_id="59" level="1" path="1/d59.exr">
    <calibration type="frame">
      <resolution width="960" height="540"/>
      <f>567.90530754392353</f>
      <cx>13.260831131912596</cx>
      <cy>-2.7885539055910726</cy>
    </calibration>
  </depth_map>
  <depth_map camera_id="59" level="2" path="2/d59.exr">
    <calibration type="frame">
      <resolution width="480" height="270"/>
      <f>283.95265377196176</f>
      <cx>6.630415565956298</cx>
      <cy>-1.3942769527955363</cy>
    </calibration>
  </depth_map>
  <depth_map camera_id="63" level="0" path="0/d63.exr">
    <calibration type="frame">
      <resolution width="1920" height="1080"/>
      <f>1135.8106150878471</f>
      <cx>26.521662263825192</cx>
      <cy>-5.5771078111821453</cy>
    </calibration>
  </depth_map>
  <depth_map camera_id="63" level="1" path="1/d63.exr">
    <calibration type="frame">
      <resolution width="960" height="540"/>
      <f>567.90530754392353</f>
      <cx>13.260831131912596</cx>
      <cy>-2.7885539055910726</cy>
    </calibration>
  </depth_map>
  <depth_map camera_id="63" level="2" path="2/d63.exr">
    <calibration type="frame">
      <resolution width="480" height="270"/>
      <f>283.95265377196176</f>
      <cx>6.630415565956298</cx>
      <cy>-1.3942769527955363</cy>
    </calibration>
  </depth_map>
  <depth_map camera_id="64" level="0" path="0/d64.exr">
    <calibration type="frame">
      <resolution width="1920" height="1080"/>
      <f>1135.8106150878471</f>
      <cx>26.521662263825192</cx>
      <cy>-5.5771078111821453</cy>
    </calibration>
  </depth_map>
  <depth_map camera_id="64" level="1" path="1/d64.exr">
    <calibration type="frame">
      <resolution width="960" height="540"/>
      <f>567.90530754392353</f>
      <cx>13.260831131912596</cx>
      <cy>-2.7885539055910726</cy>
    </calibration>
  </depth_map>
  <depth_map camera_id="64" level="2" path="2/d64.exr">
    <calibration type="frame">
      <resolution width="480" height="270"/>
      <f>283.95265377196176</f>
      <cx>6.630415565956298</cx>
      <cy>-1.3942769527955363</cy>
    </calibration>
  </depth_map>
  <depth_map camera_id="65" level="0" path="0/d65.exr">
    <calibration type="frame">
      <resolution width="1920" height="1080"/>
      <f>1135.8106150878471</f>
      <cx>26.521662263825192</cx>
      <cy>-5.5771078111821453</cy>
    </calibration>
  </depth_map>
  <depth_map camera_id="65" level="1" path="1/d65.exr">
    <calibration type="frame">
      <resolution width="960" height="540"/>
      <f>567.90530754392353</f>
      <cx>13.260831131912596</cx>
      <cy>-2.7885539055910726</cy>
    </calibration>
  </depth_map>
  <depth_map camera_id="65" level="2" path="2/d65.exr">
    <calibration type="frame">
      <resolution width="480" height="270"/>
      <f>283.95265377196176</f>
      <cx>6.630415565956298</cx>
      <cy>-1.3942769527955363</cy>
    </calibration>
  </depth_map>
  <depth_map camera_id="66" level="0" path="0/d66.exr">
    <calibration type="frame">
      <resolution width="1920" height="1080"/>
      <f>1135.8106150878471</f>
      <cx>26.521662263825192</cx>
      <cy>-5.5771078111821453</cy>
    </calibration>
  </depth_map>
  <depth_map camera_id="66" level="1" path="1/d66.exr">
    <calibration type="frame">
      <resolution width="960" height="540"/>
      <f>567.90530754392353</f>
      <cx>13.260831131912596</cx>
      <cy>-2.7885539055910726</cy>
    </calibration>
  </depth_map>
  <depth_map camera_id="66" level="2" path="2/d66.exr">
    <calibration type="frame">
      <resolution width="480" height="270"/>
      <f>283.95265377196176</f>
      <cx>6.630415565956298</cx>
      <cy>-1.3942769527955363</cy>
    </calibration>
  </depth_map>
  <depth_map camera_id="67" level="0" path="0/d67.exr">
    <calibration type="frame">
      <resolution width="1920" height="1080"/>
      <f>1135.8106150878471</f>
      <cx>26.521662263825192</cx>
      <cy>-5.5771078111821453</cy>
    </calibration>
  </depth_map>
  <depth_map camera_id="67" level="1" path="1/d67.exr">
    <calibration type="frame">
      <resolution width="960" height="540"/>
      <f>567.90530754392353</f>
      <cx>13.260831131912596</cx>
      <cy>-2.7885539055910726</cy>
    </calibration>
  </depth_map>
  <depth_map camera_id="67" level="2" path="2/d67.exr">
    <calibration type="frame">
      <resolution width="480" height="270"/>
      <f>283.95265377196176</f>
      <cx>6.630415565956298</cx>
      <cy>-1.3942769527955363</cy>
    </calibration>
  </depth_map>
  <depth_map camera_id="68" level="0" path="0/d68.exr">
    <calibration type="frame">
      <resolution width="1920" height="1080"/>
      <f>1135.8106150878471</f>
      <cx>26.521662263825192</cx>
      <cy>-5.5771078111821453</cy>
    </calibration>
  </depth_map>
  <depth_map camera_id="68" level="1" path="1/d68.exr">
    <calibration type="frame">
      <resolution width="960" height="540"/>
      <f>567.90530754392353</f>
      <cx>13.260831131912596</cx>
      <cy>-2.7885539055910726</cy>
    </calibration>
  </depth_map>
  <depth_map camera_id="68" level="2" path="2/d68.exr">
    <calibration type="frame">
      <resolution width="480" height="270"/>
      <f>283.95265377196176</f>
      <cx>6.630415565956298</cx>
      <cy>-1.3942769527955363</cy>
    </calibration>
  </depth_map>
  <depth_map camera_id="72" level="0" path="0/d72.exr">
    <calibration type="frame">
      <resolution width="1920" height="1080"/>
      <f>1135.8106150878471</f>
      <cx>26.521662263825192</cx>
      <cy>-5.5771078111821453</cy>
    </calibration>
  </depth_map>
  <depth_map camera_id="72" level="1" path="1/d72.exr">
    <calibration type="frame">
      <resolution width="960" height="540"/>
      <f>567.90530754392353</f>
      <cx>13.260831131912596</cx>
      <cy>-2.7885539055910726</cy>
    </calibration>
  </depth_map>
  <depth_map camera_id="72" level="2" path="2/d72.exr">
    <calibration type="frame">
      <resolution width="480" height="270"/>
      <f>283.95265377196176</f>
      <cx>6.630415565956298</cx>
      <cy>-1.3942769527955363</cy>
    </calibration>
  </depth_map>
  <depth_map camera_id="73" level="0" path="0/d73.exr">
    <calibration type="frame">
      <resolution width="1920" height="1080"/>
      <f>1135.8106150878471</f>
      <cx>26.521662263825192</cx>
      <cy>-5.5771078111821453</cy>
    </calibration>
  </depth_map>
  <depth_map camera_id="73" level="1" path="1/d73.exr">
    <calibration type="frame">
      <resolution width="960" height="540"/>
      <f>567.90530754392353</f>
      <cx>13.260831131912596</cx>
      <cy>-2.7885539055910726</cy>
    </calibration>
  </depth_map>
  <depth_map camera_id="73" level="2" path="2/d73.exr">
    <calibration type="frame">
      <resolution width="480" height="270"/>
      <f>283.95265377196176</f>
      <cx>6.630415565956298</cx>
      <cy>-1.3942769527955363</cy>
    </calibration>
  </depth_map>
  <depth_map camera_id="74" level="0" path="0/d74.exr">
    <calibration type="frame">
      <resolution width="1920" height="1080"/>
      <f>1135.8106150878471</f>
      <cx>26.521662263825192</cx>
      <cy>-5.5771078111821453</cy>
    </calibration>
  </depth_map>
  <depth_map camera_id="74" level="1" path="1/d74.exr">
    <calibration type="frame">
      <resolution width="960" height="540"/>
      <f>567.90530754392353</f>
      <cx>13.260831131912596</cx>
      <cy>-2.7885539055910726</cy>
    </calibration>
  </depth_map>
  <depth_map camera_id="74" level="2" path="2/d74.exr">
    <calibration type="frame">
      <resolution width="480" height="270"/>
      <f>283.95265377196176</f>
      <cx>6.630415565956298</cx>
      <cy>-1.3942769527955363</cy>
    </calibration>
  </depth_map>
  <depth_map camera_id="75" level="0" path="0/d75.exr">
    <calibration type="frame">
      <resolution width="1920" height="1080"/>
      <f>1135.8106150878471</f>
      <cx>26.521662263825192</cx>
      <cy>-5.5771078111821453</cy>
    </calibration>
  </depth_map>
  <depth_map camera_id="75" level="1" path="1/d75.exr">
    <calibration type="frame">
      <resolution width="960" height="540"/>
      <f>567.90530754392353</f>
      <cx>13.260831131912596</cx>
      <cy>-2.7885539055910726</cy>
    </calibration>
  </depth_map>
  <depth_map camera_id="75" level="2" path="2/d75.exr">
    <calibration type="frame">
      <resolution width="480" height="270"/>
      <f>283.95265377196176</f>
      <cx>6.630415565956298</cx>
      <cy>-1.3942769527955363</cy>
    </calibration>
  </depth_map>
  <depth_map camera_id="76" level="0" path="0/d76.exr">
    <calibration type="frame">
      <resolution width="1920" height="1080"/>
      <f>1135.8106150878471</f>
      <cx>26.521662263825192</cx>
      <cy>-5.5771078111821453</cy>
    </calibration>
  </depth_map>
  <depth_map camera_id="76" level="1" path="1/d76.exr">
    <calibration type="frame">
      <resolution width="960" height="540"/>
      <f>567.90530754392353</f>
      <cx>13.260831131912596</cx>
      <cy>-2.7885539055910726</cy>
    </calibration>
  </depth_map>
  <depth_map camera_id="76" level="2" path="2/d76.exr">
    <calibration type="frame">
      <resolution width="480" height="270"/>
      <f>283.95265377196176</f>
      <cx>6.630415565956298</cx>
      <cy>-1.3942769527955363</cy>
    </calibration>
  </depth_map>
  <depth_map camera_id="77" level="0" path="0/d77.exr">
    <calibration type="frame">
      <resolution width="1920" height="1080"/>
      <f>1135.8106150878471</f>
      <cx>26.521662263825192</cx>
      <cy>-5.5771078111821453</cy>
    </calibration>
  </depth_map>
  <depth_map camera_id="77" level="1" path="1/d77.exr">
    <calibration type="frame">
      <resolution width="960" height="540"/>
      <f>567.90530754392353</f>
      <cx>13.260831131912596</cx>
      <cy>-2.7885539055910726</cy>
    </calibration>
  </depth_map>
  <depth_map camera_id="77" level="2" path="2/d77.exr">
    <calibration type="frame">
      <resolution width="480" height="270"/>
      <f>283.95265377196176</f>
      <cx>6.630415565956298</cx>
      <cy>-1.3942769527955363</cy>
    </calibration>
  </depth_map>
  <depth_map camera_id="81" level="0" path="0/d81.exr">
    <calibration type="frame">
      <resolution width="1920" height="1080"/>
      <f>1135.8106150878471</f>
      <cx>26.521662263825192</cx>
      <cy>-5.5771078111821453</cy>
    </calibration>
  </depth_map>
  <depth_map camera_id="81" level="1" path="1/d81.exr">
    <calibration type="frame">
      <resolution width="960" height="540"/>
      <f>567.90530754392353</f>
      <cx>13.260831131912596</cx>
      <cy>-2.7885539055910726</cy>
    </calibration>
  </depth_map>
  <depth_map camera_id="81" level="2" path="2/d81.exr">
    <calibration type="frame">
      <resolution width="480" height="270"/>
      <f>283.95265377196176</f>
      <cx>6.630415565956298</cx>
      <cy>-1.3942769527955363</cy>
    </calibration>
  </depth_map>
  <depth_map camera_id="86" level="0" path="0/d86.exr">
    <calibration type="frame">
      <resolution width="1920" height="1080"/>
      <f>1135.8106150878471</f>
      <cx>26.521662263825192</cx>
      <cy>-5.5771078111821453</cy>
    </calibration>
  </depth_map>
  <depth_map camera_id="86" level="1" path="1/d86.exr">
    <calibration type="frame">
      <resolution width="960" height="540"/>
      <f>567.90530754392353</f>
      <cx>13.260831131912596</cx>
      <cy>-2.7885539055910726</cy>
    </calibration>
  </depth_map>
  <depth_map camera_id="86" level="2" path="2/d86.exr">
    <calibration type="frame">
      <resolution width="480" height="270"/>
      <f>283.95265377196176</f>
      <cx>6.630415565956298</cx>
      <cy>-1.3942769527955363</cy>
    </calibration>
  </depth_map>
  <depth_map camera_id="90" level="0" path="0/d90.exr">
    <calibration type="frame">
      <resolution width="1920" height="1080"/>
      <f>1135.8106150878471</f>
      <cx>26.521662263825192</cx>
      <cy>-5.5771078111821453</cy>
    </calibration>
  </depth_map>
  <depth_map camera_id="90" level="1" path="1/d90.exr">
    <calibration type="frame">
      <resolution width="960" height="540"/>
      <f>567.90530754392353</f>
      <cx>13.260831131912596</cx>
      <cy>-2.7885539055910726</cy>
    </calibration>
  </depth_map>
  <depth_map camera_id="90" level="2" path="2/d90.exr">
    <calibration type="frame">
      <resolution width="480" height="270"/>
      <f>283.95265377196176</f>
      <cx>6.630415565956298</cx>
      <cy>-1.3942769527955363</cy>
    </calibration>
  </depth_map>
  <depth_map camera_id="95" level="0" path="0/d95.exr">
    <calibration type="frame">
      <resolution width="1920" height="1080"/>
      <f>1135.8106150878471</f>
      <cx>26.521662263825192</cx>
      <cy>-5.5771078111821453</cy>
    </calibration>
  </depth_map>
  <depth_map camera_id="95" level="1" path="1/d95.exr">
    <calibration type="frame">
      <resolution width="960" height="540"/>
      <f>567.90530754392353</f>
      <cx>13.260831131912596</cx>
      <cy>-2.7885539055910726</cy>
    </calibration>
  </depth_map>
  <depth_map camera_id="95" level="2" path="2/d95.exr">
    <calibration type="frame">
      <resolution width="480" height="270"/>
      <f>283.95265377196176</f>
      <cx>6.630415565956298</cx>
      <cy>-1.3942769527955363</cy>
    </calibration>
  </depth_map>
  <depth_map camera_id="104" level="0" path="0/d104.exr">
    <calibration type="frame">
      <resolution width="1920" height="1080"/>
      <f>1135.8106150878471</f>
      <cx>26.521662263825192</cx>
      <cy>-5.5771078111821453</cy>
    </calibration>
  </depth_map>
  <depth_map camera_id="104" level="1" path="1/d104.exr">
    <calibration type="frame">
      <resolution width="960" height="540"/>
      <f>567.90530754392353</f>
      <cx>13.260831131912596</cx>
      <cy>-2.7885539055910726</cy>
    </calibration>
  </depth_map>
  <depth_map camera_id="104" level="2" path="2/d104.exr">
    <calibration type="frame">
      <resolution width="480" height="270"/>
      <f>283.95265377196176</f>
      <cx>6.630415565956298</cx>
      <cy>-1.3942769527955363</cy>
    </calibration>
  </depth_map>
  <depth_map camera_id="113" level="0" path="0/d113.exr">
    <calibration type="frame">
      <resolution width="1920" height="1080"/>
      <f>1135.8106150878471</f>
      <cx>26.521662263825192</cx>
      <cy>-5.5771078111821453</cy>
    </calibration>
  </depth_map>
  <depth_map camera_id="113" level="1" path="1/d113.exr">
    <calibration type="frame">
      <resolution width="960" height="540"/>
      <f>567.90530754392353</f>
      <cx>13.260831131912596</cx>
      <cy>-2.7885539055910726</cy>
    </calibration>
  </depth_map>
  <depth_map camera_id="113" level="2" path="2/d113.exr">
    <calibration type="frame">
      <resolution width="480" height="270"/>
      <f>283.95265377196176</f>
      <cx>6.630415565956298</cx>
      <cy>-1.3942769527955363</cy>
    </calibration>
  </depth_map>
  <depth_map camera_id="122" level="0" path="0/d122.exr">
    <calibration type="frame">
      <resolution width="1920" height="1080"/>
      <f>1135.8106150878471</f>
      <cx>26.521662263825192</cx>
      <cy>-5.5771078111821453</cy>
    </calibration>
  </depth_map>
  <depth_map camera_id="122" level="1" path="1/d122.exr">
    <calibration type="frame">
      <resolution width="960" height="540"/>
      <f>567.90530754392353</f>
      <cx>13.260831131912596</cx>
      <cy>-2.7885539055910726</cy>
    </calibration>
  </depth_map>
  <depth_map camera_id="122" level="2" path="2/d122.exr">
    <calibration type="frame">
      <resolution width="480" height="270"/>
      <f>283.95265377196176</f>
      <cx>6.630415565956298</cx>
      <cy>-1.3942769527955363</cy>
    </calibration>
  </depth_map>
  <depth_map camera_id="131" level="0" path="0/d131.exr">
    <calibration type="frame">
      <resolution width="1920" height="1080"/>
      <f>1135.8106150878471</f>
      <cx>26.521662263825192</cx>
      <cy>-5.5771078111821453</cy>
    </calibration>
  </depth_map>
  <depth_map camera_id="131" level="1" path="1/d131.exr">
    <calibration type="frame">
      <resolution width="960" height="540"/>
      <f>567.90530754392353</f>
      <cx>13.260831131912596</cx>
      <cy>-2.7885539055910726</cy>
    </calibration>
  </depth_map>
  <depth_map camera_id="131" level="2" path="2/d131.exr">
    <calibration type="frame">
      <resolution width="480" height="270"/>
      <f>283.95265377196176</f>
      <cx>6.630415565956298</cx>
      <cy>-1.3942769527955363</cy>
    </calibration>
  </depth_map>
  <depth_map camera_id="140" level="0" path="0/d140.exr">
    <calibration type="frame">
      <resolution width="1920" height="1080"/>
      <f>1135.8106150878471</f>
      <cx>26.521662263825192</cx>
      <cy>-5.5771078111821453</cy>
    </calibration>
  </depth_map>
  <depth_map camera_id="140" level="1" path="1/d140.exr">
    <calibration type="frame">
      <resolution width="960" height="540"/>
      <f>567.90530754392353</f>
      <cx>13.260831131912596</cx>
      <cy>-2.7885539055910726</cy>
    </calibration>
  </depth_map>
  <depth_map camera_id="140" level="2" path="2/d140.exr">
    <calibration type="frame">
      <resolution width="480" height="270"/>
      <f>283.95265377196176</f>
      <cx>6.630415565956298</cx>
      <cy>-1.3942769527955363</cy>
    </calibration>
  </depth_map>
  <depth_map camera_id="149" level="0" path="0/d149.exr">
    <calibration type="frame">
      <resolution width="1920" height="1080"/>
      <f>1135.8106150878471</f>
      <cx>26.521662263825192</cx>
      <cy>-5.5771078111821453</cy>
    </calibration>
  </depth_map>
  <depth_map camera_id="149" level="1" path="1/d149.exr">
    <calibration type="frame">
      <resolution width="960" height="540"/>
      <f>567.90530754392353</f>
      <cx>13.260831131912596</cx>
      <cy>-2.7885539055910726</cy>
    </calibration>
  </depth_map>
  <depth_map camera_id="149" level="2" path="2/d149.exr">
    <calibration type="frame">
      <resolution width="480" height="270"/>
      <f>283.95265377196176</f>
      <cx>6.630415565956298</cx>
      <cy>-1.3942769527955363</cy>
    </calibration>
  </depth_map>
</depth_maps>
